Id,SeriousDlqin2yrs,RevolvingUtilizationOfUnsecuredLines,age,NumberOfTime30-59DaysPastDueNotWorse,DebtRatio,MonthlyIncome,NumberOfOpenCreditLinesAndLoans,NumberOfTimes90DaysLate,NumberRealEstateLoansOrLines,NumberOfTime60-89DaysPastDueNotWorse,NumberOfDependents,DebtRatio_age,Income_per_Loan
1,1,0.766126609,45,2,0.802982129,9120.0,13,0,6,0,2.0,36.134195805,701.5384615384615
2,0,0.957151019,40,0,0.121876201,2600.0,4,0,0,0,1.0,4.87504804,650.0
3,0,0.65818014,38,1,0.085113375,3042.0,2,1,0,0,0.0,3.23430825,1521.0
4,0,0.233809776,30,0,0.036049682,3300.0,5,0,0,0,0.0,1.08149046,660.0
5,0,0.9072394,49,1,0.024925695,63588.0,7,0,1,0,0.0,1.221359055,9084.0
6,0,0.213178682,74,0,0.375606969,3500.0,3,0,1,0,1.0,27.794915706,1166.6666666666667
7,0,0.305682465,57,0,5710.0,,8,0,3,0,0.0,325470.0,
8,0,0.754463648,39,0,0.209940017,3500.0,8,0,0,0,0.0,8.187660663,437.5
9,0,0.116950644,27,0,46.0,,2,0,0,0,,1242.0,
10,0,0.189169052,57,0,0.606290901,23684.0,9,0,4,0,2.0,34.558581357,2631.5555555555557
11,0,0.644225962,30,0,0.30947621,2500.0,5,0,0,0,0.0,9.2842863,500.0
12,0,0.01879812,51,0,0.53152876,6501.0,7,0,2,0,2.0,27.107966760000004,928.7142857142857
13,0,0.010351857,46,0,0.298354075,12454.0,13,0,2,0,2.0,13.72428745,958.0
14,1,0.964672555,40,3,0.382964747,13700.0,9,3,1,1,2.0,15.31858988,1522.2222222222222
15,0,0.019656581,76,0,477.0,0.0,6,0,1,0,0.0,36252.0,0.0
16,0,0.548458062,64,0,0.209891754,11362.0,7,0,1,0,2.0,13.433072256,1623.142857142857
17,0,0.061086118,78,0,2058.0,,10,0,2,0,0.0,160524.0,
18,0,0.166284079,53,0,0.18827406,8800.0,7,0,0,0,0.0,9.97852518,1257.142857142857
19,0,0.221812771,43,0,0.527887839,3280.0,7,0,1,0,2.0,22.699177077,468.57142857142856
20,0,0.602794411,25,0,0.065868263,333.0,2,0,0,0,0.0,1.6467065749999998,166.5
21,0,0.200923382,43,0,0.430046338,12300.0,10,0,2,0,0.0,18.491992533999998,1230.0
22,1,0.025655677,38,0,0.475841386,3000.0,7,0,1,0,2.0,18.081972668,428.57142857142856
23,0,0.9999999,39,0,0.241103559,2500.0,4,0,0,0,0.0,9.403038801,625.0
24,0,0.075426584,32,0,0.085512189,7916.0,6,0,0,0,0.0,2.736390048,1319.3333333333333
25,0,0.04656027,58,0,0.241621845,2416.0,9,0,1,0,0.0,14.01406701,268.44444444444446
26,1,0.392248482,50,0,1.595253368,4676.0,14,0,3,0,1.0,79.76266840000001,334.0
27,0,0.052436094,58,0,0.097672186,8333.0,22,0,1,0,0.0,5.664986787999999,378.77272727272725
28,0,0.034421473,69,0,0.042383047,2500.0,17,0,0,0,1.0,2.924430243,147.05882352941177
29,0,0.452515828,24,0,0.011761247,3400.0,1,0,0,0,0.0,0.282269928,3400.0
30,0,0.392994586,58,2,0.436102527,5500.0,15,0,1,0,0.0,25.293946566000002,366.6666666666667
31,0,0.704073982,28,1,0.155201143,4200.0,8,0,0,0,0.0,4.3456320040000005,525.0
32,0,0.9999999,24,0,0.472703063,750.0,1,0,0,0,0.0,11.344873512,750.0
33,0,0.083418009,62,0,977.0,,6,0,1,0,0.0,60574.0,
34,0,0.186868556,57,0,0.313812313,7000.0,9,0,2,0,0.0,17.887301841,777.7777777777778
35,0,0.693329681,42,2,0.257731959,2230.0,7,0,0,0,0.0,10.824742278,318.57142857142856
36,0,0.0,64,0,0.073538769,11000.0,9,0,1,0,0.0,4.706481216,1222.2222222222222
37,0,0.881836362,50,3,0.567858035,4000.0,9,0,1,0,1.0,28.39290175,444.44444444444446
38,0,0.9999999,75,1,0.134078212,3400.0,1,0,1,0,1.0,10.0558659,3400.0
39,0,0.363636364,26,0,0.00999001,1000.0,1,0,0,0,0.0,0.25974026,1000.0
40,0,0.304490668,52,0,0.808340474,3500.0,10,0,2,0,0.0,42.033704648,350.0
41,0,0.71998531,41,1,0.539554464,5700.0,14,0,1,0,0.0,22.121733023999997,407.14285714285717
42,0,0.07289757,81,0,75.0,,7,0,0,0,0.0,6075.0,
43,0,0.469056842,31,0,0.048211004,9250.0,4,0,0,0,1.0,1.494541124,2312.5
44,0,0.718705378,28,0,0.170125614,3661.0,4,0,0,0,1.0,4.763517192,915.25
45,0,0.368875933,68,0,1687.5,1.0,31,0,1,0,0.0,114750.0,0.03225806451612903
46,0,0.000602723,70,0,0.177787036,16800.0,12,0,1,0,2.0,12.445092520000001,1400.0
47,0,0.061440132,62,0,0.011167837,3133.0,2,0,0,0,0.0,0.692405894,1566.5
48,0,0.140110634,31,0,0.689370485,1937.0,4,0,2,0,0.0,21.370485034999998,484.25
49,0,0.834048027,38,0,0.393662026,13000.0,13,0,2,0,2.0,14.959156988,1000.0
50,0,7.96e-05,70,0,0.256339661,6900.0,21,1,1,0,0.0,17.94377627,328.57142857142856
51,0,0.818977517,73,0,3095.0,0.0,9,0,1,1,0.0,225935.0,0.0
52,1,0.728150491,31,0,0.824725092,3000.0,10,0,2,0,1.0,25.566477852,300.0
53,0,0.9999999,62,0,0.0,,1,0,0,0,0.0,0.0,
54,0,0.028562367,51,0,0.306381499,5750.0,5,0,1,0,0.0,15.625456449,1150.0
55,0,0.992015968,29,0,0.008064516,2231.0,1,0,0,0,0.0,0.23387096400000001,2231.0
56,0,0.070853769,55,0,0.073147745,13793.0,4,0,1,0,0.0,4.023125975,3448.25
57,0,0.454971915,46,1,0.016921775,13000.0,10,0,0,0,1.0,0.77840165,1300.0
58,0,0.401199782,64,0,0.351258937,3216.0,4,0,1,0,0.0,22.480571968,804.0
59,0,0.541108804,43,0,2477.0,,3,0,1,0,2.0,106511.0,
60,0,0.655569945,35,0,0.261609907,5813.0,10,0,0,0,2.0,9.156346744999999,581.3
61,0,0.651603452,58,0,0.241135663,7783.0,11,0,1,0,0.0,13.985868454,707.5454545454545
62,0,0.027399502,69,0,0.00803428,5600.0,3,0,0,0,0.0,0.5543653199999999,1866.6666666666667
63,0,0.101155821,72,0,1720.0,,12,0,2,0,0.0,123840.0,
64,0,0.009788862,46,0,1.051397656,3326.0,6,0,2,0,2.0,48.364292176,554.3333333333334
65,0,0.337520702,60,0,0.549877805,4500.0,10,0,2,0,0.0,32.992668300000005,450.0
66,0,0.0,67,0,0.540983607,3720.0,2,0,1,0,0.0,36.245901669000006,1860.0
67,0,0.750873672,55,2,0.316416365,7723.0,17,0,1,0,1.0,17.402900074999998,454.29411764705884
68,0,0.006799093,27,1,0.681045752,764.0,3,0,0,0,0.0,18.388235304,254.66666666666666
69,0,0.004264079,31,0,0.111444278,2000.0,6,1,0,0,2.0,3.454772618,333.3333333333333
70,0,0.26948375,64,0,0.16106176,9455.0,13,0,1,0,3.0,10.30795264,727.3076923076923
71,0,0.265898391,36,0,0.262611807,8384.0,6,0,2,0,1.0,9.454025051999999,1397.3333333333333
72,0,0.142013011,67,0,1824.0,,7,0,2,0,0.0,122208.0,
73,0,0.827708197,56,0,0.369590815,6793.0,15,1,1,0,0.0,20.69708564,452.8666666666667
74,0,0.059668871,31,0,3162.0,0.0,11,0,2,0,1.0,98022.0,0.0
75,1,0.13306279,49,1,0.182881653,10257.0,9,0,2,0,3.0,8.961200997,1139.6666666666667
76,0,0.234218112,36,0,0.116614347,8600.0,19,0,0,0,3.0,4.198116492,452.63157894736844
77,0,0.122295933,29,0,0.694646949,4800.0,5,0,1,0,0.0,20.144761521,960.0
78,0,0.460376317,37,0,0.074155949,4975.0,6,0,0,0,0.0,2.743770113,829.1666666666666
79,0,0.335558577,69,0,0.270448637,15000.0,14,0,2,0,1.0,18.660955953,1071.4285714285713
80,0,0.270522569,41,0,2.797698945,1042.0,11,0,2,0,2.0,114.705656745,94.72727272727273
81,0,0.183316667,52,0,0.111131623,10833.0,14,0,2,0,1.0,5.778844396,773.7857142857143
82,0,0.074861676,66,0,0.208842479,4500.0,3,0,1,0,0.0,13.783603614,1500.0
83,0,0.017258977,53,0,2.604510673,12414.0,13,0,1,0,2.0,138.039065669,954.9230769230769
84,0,0.054497069,56,0,0.492021814,4950.0,18,0,2,0,0.0,27.553221584,275.0
85,0,0.029164236,31,0,0.395031809,3300.0,10,0,1,0,0.0,12.245986079,330.0
86,0,0.0,58,0,0.316144874,4886.0,9,0,1,0,1.0,18.336402692,542.8888888888889
87,0,0.360509632,58,1,3282.0,,8,0,2,0,0.0,190356.0,
88,0,0.003749688,64,0,0.004061231,3200.0,5,0,0,1,0.0,0.259918784,640.0
89,1,0.734477501,45,0,0.591477634,4716.0,13,0,2,0,2.0,26.61649353,362.7692307692308
90,0,0.080564168,60,0,0.487288997,4916.0,15,0,2,0,0.0,29.23733982,327.73333333333335
91,0,0.039387786,51,0,15466.0,0.0,7,0,0,0,0.0,788766.0,0.0
92,0,0.023767433,83,0,0.123797734,10500.0,13,0,0,0,0.0,10.275211922,807.6923076923077
93,0,0.784835658,52,0,2662.0,,10,0,2,1,0.0,138424.0,
94,0,0.888822236,34,0,0.368403802,3050.0,4,0,0,0,1.0,12.525729268,762.5
95,0,0.791173628,44,0,0.51241535,3100.0,5,0,1,0,0.0,22.546275400000003,620.0
96,0,0.24535301,37,0,0.288417167,6500.0,11,1,1,1,0.0,10.671435179,590.9090909090909
97,0,0.542242704,48,2,10.0,,2,0,0,0,,480.0,
98,0,0.010531379,57,0,0.280664917,5714.0,6,0,1,0,0.0,15.997900269,952.3333333333334
99,0,0.363199686,32,0,0.480523957,2900.0,4,0,1,0,0.0,15.376766624,725.0
100,0,0.032617977,75,0,0.006799093,7500.0,4,0,0,0,0.0,0.509931975,1875.0
101,0,0.013024674,61,0,15.0,,4,0,0,0,0.0,915.0,
102,0,0.019387779,34,0,0.32591852,4000.0,9,0,1,0,0.0,11.08122968,444.44444444444446
103,0,0.634485057,52,0,0.138238573,2690.0,2,0,0,0,0.0,7.1884057960000005,1345.0
104,0,0.888008615,44,0,0.299246282,4908.0,8,0,0,0,1.0,13.166836407999998,613.5
105,0,0.003108849,57,0,0.258939285,8333.0,7,0,1,0,0.0,14.759539245000001,1190.4285714285713
106,0,0.114830941,46,0,0.026235802,6250.0,6,0,0,0,3.0,1.206846892,1041.6666666666667
107,0,0.018886792,80,0,0.003478779,10060.0,5,0,0,0,0.0,0.27830232,2012.0
108,0,0.635415157,32,0,0.519493502,3000.0,4,0,1,0,1.0,16.623792064,750.0
109,0,0.9999999,62,0,0.664221287,8314.0,8,0,3,0,0.0,41.181719794,1039.25
110,0,0.041257909,61,0,4739.0,,11,0,4,0,,289079.0,
111,0,0.096737158,47,0,0.009748781,8000.0,2,0,0,0,2.0,0.458192707,4000.0
112,0,0.31844615,58,0,1.382629108,3833.0,26,0,4,0,0.0,80.19248826399999,147.42307692307693
113,0,0.186987534,52,0,0.023993145,3500.0,4,0,0,0,0.0,1.24764354,875.0
114,0,0.006541851,68,0,0.108089191,10000.0,10,0,2,0,1.0,7.350064988,1000.0
115,0,0.180972181,39,1,0.384441575,3097.0,7,0,1,0,3.0,14.993221425,442.42857142857144
116,0,0.00750765,74,0,7.0,,4,0,0,0,0.0,518.0,
117,0,0.06790706,46,0,0.149103029,10200.0,6,0,2,0,0.0,6.858739334,1700.0
118,0,0.033461782,44,0,1.243362832,4067.0,5,0,2,0,1.0,54.707964608000005,813.4
119,0,0.007520592,68,0,269.0,,4,0,0,0,0.0,18292.0,
120,0,0.015271802,68,0,0.12290366,8168.0,6,0,0,0,0.0,8.35744888,1361.3333333333333
121,0,0.51712072,31,0,0.123752495,500.0,3,0,0,0,0.0,3.836327345,166.66666666666666
122,0,0.317975796,34,0,0.297933792,4500.0,11,0,2,0,0.0,10.129748928,409.09090909090907
123,0,0.297594642,67,0,0.239507959,4145.0,13,0,0,0,0.0,16.047033253,318.84615384615387
124,0,0.444837661,58,0,0.366545247,14000.0,9,0,2,1,4.0,21.259624326,1555.5555555555557
125,0,0.277956679,39,0,4090.0,,9,0,2,0,0.0,159510.0,
126,0,0.003722015,58,0,0.63332301,3228.0,5,0,1,0,0.0,36.73273458,645.6
127,0,0.0,61,0,0.2226598,3300.0,14,0,1,0,0.0,13.5822478,235.71428571428572
128,0,0.0,59,0,0.218854341,19167.0,13,0,2,0,0.0,12.912406119,1474.3846153846155
129,0,0.151912549,36,0,0.266394467,12000.0,22,0,2,0,0.0,9.590200812,545.4545454545455
130,0,0.0,59,0,0.351699622,4500.0,12,0,1,0,0.0,20.750277697999998,375.0
131,0,0.175727593,43,1,994.0,,4,0,1,0,0.0,42742.0,
132,0,0.011498563,77,0,0.001998002,1000.0,1,0,0,0,0.0,0.153846154,1000.0
133,0,0.0,48,0,0.517468688,4550.0,7,0,2,0,0.0,24.838497024,650.0
134,0,0.163037489,81,0,0.086482558,2751.0,7,0,0,0,1.0,7.005087198,393.0
135,0,0.047311582,51,0,0.100920343,3150.0,5,0,0,0,0.0,5.146937492999999,630.0
136,0,0.083880003,53,0,0.199647533,7943.0,8,0,1,0,0.0,10.581319249,992.875
137,0,0.089478348,56,0,1.065901518,2700.0,11,0,1,0,2.0,59.690485007999996,245.45454545454547
138,0,0.773519223,63,0,1.129227053,4139.0,12,0,1,0,1.0,71.141304339,344.9166666666667
139,0,0.093962275,55,0,0.112051635,9450.0,6,0,2,0,0.0,6.162839925,1575.0
140,0,0.21955042,54,0,0.315983758,5417.0,20,0,2,0,1.0,17.063122932,270.85
141,0,0.147996253,55,0,0.323088235,6799.0,5,0,1,0,0.0,17.769852925,1359.8
142,0,0.576518559,72,0,3031.0,,11,0,1,0,0.0,218232.0,
143,0,0.243872021,53,0,0.534027778,8639.0,22,0,2,0,3.0,28.303472234,392.6818181818182
144,0,0.362483818,27,0,567.0,,4,0,0,0,0.0,15309.0,
145,0,0.116676791,31,0,0.343593791,3800.0,7,0,1,0,0.0,10.651407521,542.8571428571429
146,0,0.9999999,38,0,0.43369976,5821.0,7,0,1,0,4.0,16.48059088,831.5714285714286
147,0,0.496911825,40,0,0.452363811,12500.0,11,0,2,0,2.0,18.09455244,1136.3636363636363
148,0,0.130902106,48,1,0.427882174,3937.0,17,0,1,0,0.0,20.538344352,231.58823529411765
149,0,0.54699881,50,0,0.748071979,3500.0,9,0,2,0,3.0,37.40359895,388.8888888888889
150,0,0.072277109,34,0,0.025911708,2083.0,2,0,0,0,0.0,0.8809980719999999,1041.5
151,0,0.0,48,2,0.370876375,3000.0,14,0,1,0,5.0,17.802066,214.28571428571428
152,0,0.175932019,57,1,0.655812625,3500.0,9,0,1,0,1.0,37.381319625,388.8888888888889
153,0,0.050789842,30,0,0.315171207,4000.0,4,0,1,0,1.0,9.455136210000001,1000.0
154,0,0.0,28,0,0.144616356,3166.0,7,0,0,0,0.0,4.049257968,452.2857142857143
155,0,0.21286031,36,0,0.563752087,9583.0,10,0,2,0,1.0,20.295075132,958.3
156,0,0.012682366,60,0,0.412979783,6825.0,20,0,2,0,0.0,24.77878698,341.25
157,0,0.121557062,58,0,0.342971419,12000.0,23,0,2,0,4.0,19.892342302,521.7391304347826
158,0,0.040795358,49,0,0.801999355,3100.0,11,0,1,0,0.0,39.297968395,281.8181818181818
159,0,0.147712223,40,0,0.034847816,6800.0,6,0,0,0,3.0,1.39391264,1133.3333333333333
160,0,0.0,63,0,2.0,,4,0,0,0,,126.0,
161,0,0.0,50,1,0.726566993,3477.0,5,0,1,0,1.0,36.32834965,695.4
162,0,0.070771911,38,0,2088.0,,6,0,1,0,0.0,79344.0,
163,1,1.046279103,47,1,1.104301274,5416.0,6,0,2,0,1.0,51.902159878,902.6666666666666
164,0,0.323719804,63,0,0.610841267,5146.0,9,0,2,0,2.0,38.482999821,571.7777777777778
165,0,0.36459777,42,0,0.593899089,6916.0,7,0,3,0,0.0,24.943761738,988.0
166,0,0.637736406,54,2,3.382196162,1875.0,9,0,2,0,0.0,182.638592748,208.33333333333334
167,0,0.081379827,63,0,1268.0,,8,0,1,0,0.0,79884.0,
168,0,0.020966389,29,0,639.5,1.0,3,0,1,0,2.0,18545.5,0.3333333333333333
169,0,0.170103002,36,0,0.138461538,7734.0,8,0,0,0,0.0,4.984615368,966.75
170,0,0.771845631,33,0,0.852429514,5000.0,7,0,3,0,0.0,28.130173962,714.2857142857143
171,0,0.05538241,72,0,0.089091313,4500.0,4,0,0,0,0.0,6.414574536,1125.0
172,0,0.9999999,29,0,974.0,,2,0,0,0,0.0,28246.0,
173,0,0.16653274,53,0,0.543625949,7506.0,11,0,3,0,3.0,28.812175297000003,682.3636363636364
174,0,0.008632035,79,0,0.365151154,4200.0,9,0,1,0,0.0,28.846941165999997,466.6666666666667
175,0,0.13527952,58,0,0.342005076,9455.0,11,0,2,0,2.0,19.836294408,859.5454545454545
176,0,0.167571389,69,0,0.330733853,5000.0,10,0,1,0,1.0,22.820635857000003,500.0
177,0,0.9999999,69,0,0.005319149,2255.0,0,1,0,0,3.0,0.367021281,2255.0
178,0,0.068335151,75,0,0.010927876,10065.0,9,0,0,0,0.0,0.8195907,1118.3333333333333
179,0,0.0,41,0,0.907538526,2400.0,6,0,1,0,0.0,37.209079566,400.0
180,1,0.946963874,35,0,1593.0,,6,0,1,0,1.0,55755.0,
181,0,0.405183973,46,0,0.667835346,7700.0,22,0,2,0,1.0,30.720425916000003,350.0
182,0,0.055549313,65,0,2177.0,,6,0,1,0,1.0,141505.0,
183,0,0.676195456,55,0,0.436665827,3970.0,10,1,1,0,0.0,24.016620485,397.0
184,0,0.184986787,55,4,3144.0,,11,0,1,0,0.0,172920.0,
185,1,0.085338293,51,0,0.477503628,6200.0,11,0,1,0,0.0,24.352685028,563.6363636363636
186,1,0.0,25,0,0.152896812,2916.0,3,0,0,1,0.0,3.8224202999999997,972.0
187,1,0.786485406,44,0,0.291709578,3883.0,7,2,0,2,1.0,12.835221432,554.7142857142857
188,0,0.0112096,86,0,13.0,,3,0,0,0,0.0,1118.0,
189,0,0.03833451,56,0,0.438912218,5000.0,7,0,2,0,0.0,24.579084208,714.2857142857143
190,0,0.714980139,55,0,0.47090194,15000.0,12,0,2,0,3.0,25.8996067,1250.0
191,0,0.043032042,64,0,0.332016389,6833.0,14,0,2,0,0.0,21.249048896,488.07142857142856
192,0,1.095083357,53,5,0.536703799,3500.0,7,1,1,2,0.0,28.445301346999997,500.0
193,0,0.0,49,0,2932.0,,11,0,1,0,0.0,143668.0,
194,0,0.9999999,55,0,0.156259612,3250.0,5,0,0,0,4.0,8.594278659999999,650.0
195,0,0.101430135,80,1,0.016196761,5000.0,9,0,0,0,0.0,1.29574088,555.5555555555555
196,1,0.025892469,38,0,74.5,1.0,13,0,0,0,2.0,2831.0,0.07692307692307693
197,0,0.762158561,44,4,0.224465502,21000.0,5,0,1,0,3.0,9.876482088000001,4200.0
198,0,0.231692268,40,0,0.119660709,3300.0,7,0,0,0,0.0,4.78642836,471.42857142857144
199,0,0.114869499,35,0,103.0,,6,0,0,0,0.0,3605.0,
200,0,0.035489848,69,0,0.308438695,3400.0,9,0,1,0,0.0,21.282269955,377.77777777777777
201,0,0.045423864,64,0,0.181311286,5200.0,4,0,1,0,0.0,11.603922304,1300.0
202,0,0.311954668,61,0,0.269281443,9866.0,12,0,2,0,2.0,16.426168023,822.1666666666666
203,0,0.078738916,46,0,0.166215372,4800.0,6,0,1,0,4.0,7.645907112,800.0
204,0,0.137609462,49,0,0.429533892,7272.0,11,0,2,0,0.0,21.047160708,661.0909090909091
205,0,0.030173038,64,0,0.17386957,9000.0,8,0,1,0,0.0,11.12765248,1125.0
206,0,0.021978375,40,0,0.443755624,10000.0,12,0,5,0,2.0,17.75022496,833.3333333333334
207,0,0.443696851,27,0,0.024340075,5833.0,4,0,0,0,0.0,0.657182025,1458.25
208,0,0.007506793,60,0,1253.0,,8,0,1,0,1.0,75180.0,
209,0,0.046640328,92,1,0.034326669,2650.0,13,0,0,0,0.0,3.158053548,203.84615384615384
210,0,0.292365949,50,0,0.420180551,8750.0,8,0,2,0,0.0,21.00902755,1093.75
211,0,0.20808276,64,0,2826.0,,14,0,2,0,0.0,180864.0,
212,0,0.9999999,66,1,0.358101135,1937.0,4,1,0,0,0.0,23.63467491,484.25
213,0,0.013500824,53,0,0.183464028,19000.0,8,0,1,0,2.0,9.723593484,2375.0
214,0,0.9999999,62,0,0.04965839,6000.0,1,0,0,0,0.0,3.0788201799999997,6000.0
215,1,0.655316473,63,0,5223.0,,19,0,2,0,0.0,329049.0,
216,0,0.9999999,50,2,1208.0,,4,0,1,0,0.0,60400.0,
217,0,0.028113957,61,0,0.031349387,2200.0,12,0,0,0,0.0,1.912312607,183.33333333333334
218,0,0.222696207,42,0,800.0,1.0,3,0,1,0,2.0,33600.0,0.3333333333333333
219,0,0.593985244,63,0,0.332698534,5250.0,4,0,2,0,0.0,20.960007642,1312.5
220,0,0.017508178,73,1,0.135589153,4166.0,12,0,1,0,0.0,9.898008168999999,347.1666666666667
221,0,0.611865678,72,0,0.04578345,7600.0,3,0,1,0,0.0,3.2964084000000002,2533.3333333333335
222,0,0.333060631,52,3,0.700153374,5215.0,15,0,2,1,0.0,36.407975448,347.6666666666667
223,0,0.009025178,45,0,0.376836435,8167.0,4,0,1,0,2.0,16.957639575,2041.75
224,0,0.260271523,44,0,0.296854804,6962.0,11,0,1,0,0.0,13.061611376000002,632.9090909090909
225,0,0.455950788,63,1,0.701766078,6001.0,19,0,2,0,0.0,44.211262914,315.8421052631579
226,0,0.080288098,37,0,0.322446259,6000.0,7,0,1,0,0.0,11.930511583000001,857.1428571428571
227,1,1.953488372,38,0,0.153500141,3556.0,5,0,0,0,2.0,5.833005358,711.2
228,0,0.181557324,36,0,0.56071964,2000.0,7,0,1,0,1.0,20.18590704,285.7142857142857
229,0,0.147123525,41,0,0.436025621,6400.0,5,0,1,0,2.0,17.877050461,1280.0
230,0,0.025601772,63,1,0.262773723,10000.0,8,0,1,0,0.0,16.554744549000002,1250.0
231,0,0.0,76,0,0.002465931,7704.0,3,0,0,0,0.0,0.187410756,2568.0
232,0,0.196372799,43,0,0.537485582,2600.0,10,0,1,0,0.0,23.111880025999998,260.0
233,0,0.083945242,64,0,0.588073078,2900.0,6,0,1,0,0.0,37.636676992,483.3333333333333
234,0,0.034833091,67,0,0.460246187,12916.0,9,0,2,0,0.0,30.836494529,1435.111111111111
235,0,0.787522133,52,0,0.353860086,4416.0,12,0,0,0,1.0,18.400724472,368.0
236,0,0.0,66,0,3730.0,,8,0,1,0,0.0,246180.0,
237,0,0.125429152,55,0,0.476704659,5000.0,3,0,2,0,0.0,26.218756244999998,1666.6666666666667
238,0,0.06037487,42,0,0.578676723,5833.0,17,0,2,0,2.0,24.304422365999997,343.11764705882354
239,0,0.9999999,28,0,0.0,,0,0,0,0,,0.0,
240,0,0.295928252,47,0,0.283765445,14000.0,6,0,2,0,1.0,13.336975915,2333.3333333333335
241,1,0.973339258,61,1,0.209961825,5500.0,11,0,0,1,1.0,12.807671325,500.0
242,0,0.002856735,73,0,0.000285687,10500.0,10,0,0,0,0.0,0.020855151000000002,1050.0
243,0,0.877564897,58,0,2825.0,,10,0,2,0,0.0,163850.0,
244,0,0.9999999,68,0,0.040493251,6000.0,0,0,0,0,0.0,2.753541068,6000.0
245,0,0.053431552,41,0,0.20364404,9000.0,3,0,1,0,0.0,8.34940564,3000.0
246,0,0.732660667,44,2,0.14041952,9200.0,15,0,1,0,0.0,6.17845888,613.3333333333334
247,0,0.084220458,42,0,0.458551158,6694.0,26,0,2,0,4.0,19.259148636,257.46153846153845
248,0,0.114561798,40,0,0.359964004,10000.0,20,0,2,0,2.0,14.39856016,500.0
249,0,0.012151003,78,0,0.008886914,4500.0,12,0,0,0,0.0,0.693179292,375.0
250,0,0.081310737,81,0,0.165566887,3333.0,4,0,0,0,0.0,13.410917847,833.25
251,0,0.09811305,49,0,0.257017809,6625.0,9,0,2,0,0.0,12.593872640999999,736.1111111111111
252,1,1.048210842,58,7,0.151956584,3500.0,12,0,0,0,0.0,8.813481872,291.6666666666667
253,0,0.011883886,54,0,0.092913547,9750.0,8,0,1,0,2.0,5.017331538,1218.75
254,0,0.75264947,33,1,0.058322869,7166.0,6,0,0,0,0.0,1.924654677,1194.3333333333333
255,0,0.112321289,53,0,0.266909775,8500.0,9,0,1,0,5.0,14.146218075,944.4444444444445
256,0,0.0,23,0,0.0,1725.0,1,0,0,0,0.0,0.0,1725.0
257,0,0.634327056,49,1,0.123125125,15000.0,7,0,0,0,1.0,6.033131125,2142.8571428571427
258,0,0.15576324,44,0,0.278077082,4825.0,4,0,1,0,2.0,12.235391607999999,1206.25
259,0,0.0,63,0,0.007988922,9387.0,9,0,0,0,0.0,0.503302086,1043.0
260,0,0.090614887,42,0,86.0,,5,0,0,0,0.0,3612.0,
261,0,0.034645112,65,0,0.125189985,12500.0,4,0,1,0,1.0,8.137349025,3125.0
262,0,0.027446383,54,0,1612.0,,6,0,1,0,0.0,87048.0,
263,0,0.412398622,28,0,0.037259615,4991.0,5,0,0,0,0.0,1.04326922,998.2
264,0,0.024670782,78,0,392.0,,6,0,1,0,,30576.0,
265,0,0.046710961,66,0,1.117952819,2500.0,12,0,1,0,0.0,73.78488605400001,208.33333333333334
266,0,0.976531824,32,0,0.264078812,6800.0,6,0,0,0,2.0,8.450521984,1133.3333333333333
267,0,0.007982621,43,1,0.009691169,208333.0,11,0,1,0,1.0,0.416720267,18939.363636363636
268,0,0.267541336,59,0,0.637607437,5700.0,13,0,2,0,1.0,37.618838783,438.46153846153845
269,0,0.019779326,76,0,0.267149259,2900.0,9,0,0,0,0.0,20.303343683999998,322.22222222222223
270,0,0.010402205,68,0,0.094140517,3600.0,6,0,1,0,0.0,6.401555156000001,600.0
271,0,0.9999999,61,0,0.529548989,1285.0,3,0,1,0,0.0,32.302488329,428.3333333333333
272,0,0.029816467,68,0,0.175139978,4464.0,12,0,1,0,1.0,11.909518504,372.0
273,0,0.181713732,57,0,0.130453416,11666.0,17,0,1,0,1.0,7.435844712,686.2352941176471
274,0,0.051368557,68,0,0.445277361,4668.0,10,0,1,0,2.0,30.278860547999997,466.8
275,0,0.29264536,57,0,0.205927884,26484.0,11,0,2,0,3.0,11.737889388000001,2407.6363636363635
276,1,0.220823719,46,1,0.637749121,1705.0,5,0,0,0,0.0,29.336459566000002,341.0
277,0,0.008099838,69,0,0.389895596,8332.0,3,0,1,0,0.0,26.902796124,2777.3333333333335
278,0,0.0,44,0,0.326383681,6666.0,4,0,2,0,1.0,14.360881963999999,1666.5
279,0,0.006099797,28,0,0.139429485,3750.0,8,0,0,0,0.0,3.90402558,468.75
280,0,0.909538698,53,1,0.595653913,7500.0,16,0,1,0,1.0,31.569657389000003,468.75
281,0,0.941072508,40,0,0.178184282,8855.0,9,0,1,0,0.0,7.12737128,983.8888888888889
282,0,0.991667222,36,1,0.554878049,5411.0,10,0,2,0,1.0,19.975609764,541.1
283,0,0.691488418,42,0,0.272721679,16250.0,11,0,1,0,1.0,11.454310518,1477.2727272727273
284,0,0.112855258,64,0,0.307576329,2652.0,6,0,1,0,0.0,19.684885056,442.0
285,0,0.260971034,57,0,5439.0,,16,0,3,0,,310023.0,
286,0,0.048244493,62,0,0.262879153,16615.0,11,0,1,0,1.0,16.298507486,1510.4545454545455
287,0,0.9999999,47,0,0.092163472,9493.0,2,2,0,1,0.0,4.331683184,4746.5
288,0,0.9999999,62,0,0.0,5480.0,3,0,0,0,0.0,0.0,1826.6666666666667
289,0,0.074256375,49,0,0.347930414,5000.0,11,0,2,0,3.0,17.048590286,454.54545454545456
290,0,0.144878408,66,0,0.28446242,8900.0,9,0,1,0,0.0,18.77451972,988.8888888888889
291,0,0.191001932,54,0,0.705627706,5081.0,10,0,2,0,2.0,38.103896124,508.1
292,0,0.219382879,56,1,942.0,,9,0,1,0,1.0,52752.0,
293,0,0.679813777,83,0,0.689589756,4216.0,6,0,2,0,0.0,57.235949748,702.6666666666666
294,0,2340.0,45,0,0.339332853,8333.0,7,0,2,0,2.0,15.269978385,1190.4285714285713
295,0,0.371875401,29,0,0.53628857,2300.0,9,0,1,0,3.0,15.552368529999999,255.55555555555554
296,0,0.025856408,67,0,0.083799311,13054.0,13,0,1,0,0.0,5.614553837,1004.1538461538462
297,0,0.547887778,29,1,0.24651504,2725.0,5,0,0,1,0.0,7.14893616,545.0
298,0,0.271668778,46,1,0.282830201,15800.0,14,0,2,0,4.0,13.010189246,1128.5714285714287
299,0,0.085152475,25,0,1005.0,0.0,5,0,0,0,0.0,25125.0,0.0
300,0,0.897203427,68,0,0.787803049,4000.0,8,0,2,0,0.0,53.570607332,500.0
301,0,0.25889775,33,0,0.537441339,4900.0,3,0,1,0,1.0,17.735564187,1633.3333333333333
302,0,0.0,55,1,0.03988553,5590.0,8,0,0,0,0.0,2.1937041500000003,698.75
303,0,0.035940506,46,0,0.271186441,6666.0,10,0,1,0,3.0,12.474576286,666.6
304,0,0.9999999,66,0,0.046633911,11600.0,2,0,0,0,1.0,3.077838126,5800.0
305,0,0.465238835,66,0,0.391427671,3172.0,8,1,1,0,0.0,25.834226286,396.5
306,0,0.865423051,48,0,0.075848303,500.0,1,0,0,0,0.0,3.6407185440000003,500.0
307,0,0.696411671,52,0,0.408871921,11000.0,11,0,1,0,4.0,21.261339892000002,1000.0
308,0,0.544497658,32,1,0.166766647,6667.0,5,1,0,0,0.0,5.336532704,1333.4
309,0,0.081238383,51,0,0.066830086,7750.0,14,0,0,0,2.0,3.408334386,553.5714285714286
310,0,0.948762809,27,0,0.144948404,4166.0,5,0,0,0,0.0,3.913606908,833.2
311,0,0.0,32,2,0.463610776,7460.0,10,0,1,1,0.0,14.835544832,746.0
312,0,0.016598893,30,0,0.136575616,1500.0,5,0,0,0,0.0,4.09726848,300.0
313,0,0.063329564,37,0,0.329935275,6179.0,6,0,1,0,3.0,12.207605175,1029.8333333333333
314,0,0.093638481,49,0,0.042836573,8333.0,10,0,0,0,1.0,2.098992077,833.3
315,0,0.0,37,0,0.184027338,7900.0,5,0,1,0,5.0,6.809011506,1580.0
316,0,0.730271957,36,1,0.632794037,5500.0,10,0,2,0,0.0,22.780585332,550.0
317,0,0.426371142,62,1,0.406053995,3666.0,15,0,1,0,0.0,25.17534769,244.4
318,0,0.948978489,57,0,0.043744532,8000.0,3,0,0,0,1.0,2.493438324,2666.6666666666665
319,0,0.0,59,0,0.0,4200.0,7,0,0,0,1.0,0.0,600.0
320,0,1.00264667,38,2,0.472542946,3550.0,8,1,0,1,4.0,17.956631948000002,443.75
321,0,0.0164781,92,0,10.0,,3,0,0,0,0.0,920.0,
322,0,0.042606843,58,0,3976.0,,13,0,3,0,0.0,230608.0,
323,0,0.022890604,37,0,0.288477299,6100.0,16,0,1,0,0.0,10.673660063000002,381.25
324,0,0.283821988,63,0,0.750200803,1244.0,9,0,0,0,0.0,47.262650589,138.22222222222223
325,0,0.319779462,32,0,1.247340213,12500.0,12,0,8,0,0.0,39.914886816,1041.6666666666667
326,0,0.155240525,52,0,0.483518065,6946.0,15,0,2,0,1.0,25.14293938,463.06666666666666
327,0,0.013115183,43,0,4211.0,0.0,21,0,2,0,2.0,181073.0,0.0
328,0,0.067259209,29,1,0.168340507,2090.0,3,0,0,0,0.0,4.881874703,696.6666666666666
329,0,0.284236153,45,1,0.318890815,7500.0,9,0,1,0,2.0,14.350086675,833.3333333333334
330,0,0.727560021,38,0,0.712458746,2423.0,6,0,1,0,1.0,27.073432348,403.8333333333333
331,0,0.687779097,62,0,0.249471161,7090.0,15,0,0,0,0.0,15.467211982,472.6666666666667
332,0,0.9999999,29,0,0.0,,0,0,0,0,0.0,0.0,
333,0,0.033708851,41,0,0.408706353,6500.0,9,0,1,0,2.0,16.756960473,722.2222222222222
334,0,0.0,29,0,0.193935355,3000.0,7,0,0,0,0.0,5.624125295,428.57142857142856
335,1,0.03719769,47,0,0.03975841,25000.0,11,0,1,0,3.0,1.86864527,2272.7272727272725
336,0,0.0,55,1,0.388320836,4400.0,4,0,2,0,1.0,21.35764598,1100.0
337,0,0.053589282,87,0,0.001534331,5213.0,4,0,0,0,0.0,0.13348679700000002,1303.25
338,0,0.100773109,41,0,0.199761673,9230.0,7,0,1,0,0.0,8.190228593,1318.5714285714287
339,0,0.0,61,0,1.394967177,913.0,11,0,2,0,0.0,85.09299779700001,83.0
340,0,0.399946674,28,0,0.189702574,4000.0,6,0,0,0,1.0,5.311672072,666.6666666666666
341,0,0.052653171,43,0,0.572292191,1984.0,9,0,0,0,4.0,24.608564212999998,220.44444444444446
342,0,0.072318616,71,0,0.426412462,4300.0,8,0,2,0,1.0,30.275284801999998,537.5
343,0,0.203959597,46,0,0.072914726,16100.0,6,0,1,0,2.0,3.354077396,2683.3333333333335
344,0,0.9999999,30,0,0.090341011,5600.0,1,0,0,0,0.0,2.71023033,5600.0
345,1,0.880370887,43,0,0.461323764,7523.0,6,0,1,0,1.0,19.836921852,1253.8333333333333
346,0,0.429246267,59,0,0.381254316,15928.0,17,0,1,0,1.0,22.494004644,936.9411764705883
347,0,0.0,47,0,773.0,,2,0,1,0,1.0,36331.0,
348,0,0.049529205,61,0,542.0,,15,0,0,0,0.0,33062.0,
349,0,0.360907571,72,0,0.356679286,3697.0,6,0,1,0,0.0,25.680908591999998,616.1666666666666
350,0,0.335737457,50,0,0.45722203,5773.0,9,0,1,0,1.0,22.8611015,641.4444444444445
351,1,0.635720859,68,1,0.218071277,25000.0,27,0,3,0,0.0,14.828846836,925.925925925926
352,0,0.0,58,0,8380.0,,20,0,5,0,0.0,486040.0,
353,0,0.507972665,69,2,0.193935355,3000.0,10,2,0,2,0.0,13.381539495,300.0
354,0,0.245841666,71,0,151.0,,5,0,0,0,0.0,10721.0,
355,1,0.953343701,48,2,2073.0,,5,1,2,2,0.0,99504.0,
356,0,0.9999999,37,0,0.184625639,4500.0,2,0,0,0,1.0,6.831148643000001,2250.0
357,0,0.118853837,50,0,2720.0,,7,0,1,0,2.0,136000.0,
358,0,0.630073985,38,0,0.563328034,1886.0,3,0,1,0,0.0,21.406465292,628.6666666666666
359,0,0.9999999,35,0,3388.0,,1,0,1,0,0.0,118580.0,
360,0,0.028423247,59,0,0.033982276,14330.0,12,0,1,0,0.0,2.004954284,1194.1666666666667
361,0,0.143427862,67,0,0.119463561,5666.0,9,0,0,0,0.0,8.004058587,629.5555555555555
362,0,0.186682782,30,0,0.698120752,2500.0,7,0,2,0,2.0,20.94362256,357.14285714285717
363,0,0.496388581,56,0,0.170164956,19580.0,12,0,1,0,1.0,9.529237536,1631.6666666666667
364,0,0.457526639,51,0,0.333583302,8000.0,16,0,2,0,2.0,17.012748402,500.0
365,0,0.728218119,40,1,3878.0,,10,0,2,0,0.0,155120.0,
366,0,0.947264856,28,0,0.467171717,1187.0,4,0,0,0,0.0,13.080808076,296.75
367,0,0.013916922,54,0,0.017655818,4700.0,7,0,0,0,2.0,0.953414172,671.4285714285714
368,0,0.066347297,46,1,4480.0,,6,0,2,0,0.0,206080.0,
369,0,0.502958087,57,0,6381.0,,5,0,2,0,0.0,363717.0,
370,0,1.047495906,35,2,0.314566116,3871.0,8,0,2,1,3.0,11.00981406,483.875
371,0,0.012586354,79,0,0.009596162,2500.0,11,0,0,0,0.0,0.758096798,227.27272727272728
372,0,0.543445655,46,0,0.267146571,5000.0,6,0,2,0,3.0,12.288742266,833.3333333333334
373,0,0.026580302,79,0,1063.0,,7,0,1,0,0.0,83977.0,
374,0,0.082317351,64,0,0.214426305,8636.0,29,0,1,0,1.0,13.72328352,297.7931034482759
375,0,0.292541492,74,0,0.164917541,2000.0,3,0,0,0,0.0,12.203898034,666.6666666666666
376,0,0.024240472,64,0,0.101514142,10500.0,20,0,1,0,0.0,6.496905088,525.0
377,0,0.047650102,63,0,0.387956894,9000.0,6,0,2,0,0.0,24.441284322,1500.0
378,1,0.739146488,63,1,0.285156885,6150.0,12,0,0,0,1.0,17.964883755000002,512.5
379,0,0.186890655,54,0,0.655589124,3640.0,7,0,1,0,1.0,35.401812696,520.0
380,0,0.007501937,63,0,0.278226307,8050.0,13,0,2,0,3.0,17.528257341,619.2307692307693
381,0,0.522314625,45,0,0.290229092,14491.0,13,0,1,0,3.0,13.060309140000001,1114.6923076923076
382,0,0.9999999,22,0,130.0,,0,0,0,0,,2860.0,
383,0,0.571604587,66,0,870.0,,12,0,0,0,,57420.0,
384,0,0.903231566,57,0,0.13080895,5228.0,10,0,0,0,0.0,7.456110150000001,522.8
385,0,0.017043518,43,0,0.10821382,2300.0,6,0,0,0,1.0,4.65319426,383.3333333333333
386,0,0.060733396,61,0,0.008549573,20000.0,8,0,0,0,0.0,0.521523953,2500.0
387,0,0.000582648,54,0,2028.0,,13,0,1,0,1.0,109512.0,
388,0,0.003894686,90,0,876.0,,11,0,1,0,0.0,78840.0,
389,0,0.250008365,60,0,2.086478612,7550.0,26,0,0,0,0.0,125.18871672,290.38461538461536
390,0,0.466334165,34,2,0.007495315,3201.0,3,0,0,0,0.0,0.25484070999999997,1067.0
391,0,0.114588541,38,0,34.0,,2,0,0,0,0.0,1292.0,
392,0,0.9999999,60,0,0.0,4200.0,0,0,0,0,0.0,0.0,4200.0
393,0,0.267905614,76,0,0.285452994,8200.0,12,0,0,0,0.0,21.694427544,683.3333333333334
394,0,0.029694361,76,0,0.070513488,9600.0,7,0,0,0,2.0,5.359025088,1371.4285714285713
395,0,0.305246317,39,0,0.188281635,10154.0,6,0,1,0,2.0,7.3429837650000005,1692.3333333333333
396,0,0.000685675,83,0,0.0,,4,0,0,0,0.0,0.0,
397,0,0.702493864,63,0,0.582162622,4697.0,8,0,2,0,1.0,36.676245186,587.125
398,0,0.742436041,52,0,0.414081023,9700.0,10,0,2,0,0.0,21.532213196,970.0
399,1,0.802417179,58,1,668.0,,5,1,0,0,0.0,38744.0,
400,0,0.9999999,42,1,0.113421853,6250.0,3,3,0,1,2.0,4.763717826,2083.3333333333335
401,0,0.134191514,63,0,926.5,1.0,9,0,1,0,0.0,58369.5,0.1111111111111111
402,0,0.002556199,58,0,0.115826132,7752.0,17,0,0,0,2.0,6.717915656,456.0
403,0,0.088845558,62,0,0.073772011,5394.0,5,0,0,0,0.0,4.573864682,1078.8
404,0,0.203947961,46,1,1.206516118,5800.0,12,1,4,0,2.0,55.49974142799999,483.3333333333333
405,0,0.006666097,27,0,0.000268637,7444.0,5,0,0,0,0.0,0.007253199,1488.8
406,0,0.014049649,27,0,0.352214765,3724.0,4,0,1,0,1.0,9.509798654999999,931.0
407,0,0.9999999,35,1,0.092985318,3064.0,1,0,0,0,3.0,3.25448613,3064.0
408,0,0.368866624,55,0,0.437996083,9700.0,18,0,2,0,0.0,24.089784565,538.8888888888889
409,0,0.054553316,73,0,0.043259135,16666.0,13,0,0,0,0.0,3.157916855,1282.0
410,0,0.179487766,51,0,0.492529978,10173.0,19,0,4,0,0.0,25.119028877999998,535.421052631579
411,0,0.026885902,36,0,0.344879921,11200.0,6,0,2,0,2.0,12.415677156,1866.6666666666667
412,0,0.265705207,56,0,0.259102536,31666.0,8,0,3,0,1.0,14.509742016,3958.25
413,0,0.0,59,0,2113.0,,13,0,2,0,,124667.0,
414,0,0.011847989,49,0,1599.0,,12,0,1,0,0.0,78351.0,
415,0,0.07083751,64,0,0.255290785,6000.0,6,0,0,0,1.0,16.33861024,1000.0
416,0,0.030996074,56,0,0.131430952,4800.0,11,0,1,0,0.0,7.360133311999999,436.3636363636364
417,0,0.144914011,37,0,0.045366363,6700.0,5,0,0,0,0.0,1.678555431,1340.0
418,0,0.353017659,48,0,1.299736021,4166.0,17,0,1,0,1.0,62.387329007999995,245.05882352941177
419,0,0.020074662,36,0,0.334245422,4750.0,5,0,1,0,0.0,12.032835192,950.0
420,0,0.032769199,70,0,724.0,,11,0,1,0,0.0,50680.0,
421,1,0.733885463,49,2,0.369223765,8785.0,20,0,2,0,2.0,18.091964485,439.25
422,0,0.063514422,57,0,2221.5,1.0,12,0,2,0,0.0,126625.5,0.08333333333333333
423,0,0.03157211,39,0,0.644706486,3900.0,14,0,1,0,1.0,25.143552954,278.57142857142856
424,1,0.991502124,61,10,1.2979007,3000.0,11,2,3,5,1.0,79.1719427,272.72727272727275
425,0,0.397702982,38,0,0.41627543,5750.0,6,0,1,0,2.0,15.81846634,958.3333333333334
426,0,0.971352432,24,0,0.035803497,1200.0,3,0,0,0,0.0,0.859283928,400.0
427,0,0.9999999,33,0,1786.0,,3,0,1,0,0.0,58938.0,
428,0,0.0,73,0,0.386728192,4550.0,18,0,0,0,0.0,28.231158016000002,252.77777777777777
429,0,0.9999999,79,0,0.130140954,5178.0,6,0,1,0,0.0,10.281135366,863.0
430,0,0.003851709,81,0,0.000822143,3648.0,1,0,0,0,1.0,0.066593583,3648.0
431,0,0.010887967,55,0,0.725137431,2000.0,7,0,2,0,0.0,39.882558705,285.7142857142857
432,0,0.686083014,57,0,0.16069592,11667.0,6,1,1,0,2.0,9.15966744,1944.5
433,0,0.212464485,58,0,0.518991188,3290.0,10,0,1,0,1.0,30.101488904,329.0
434,0,0.006956358,52,0,0.003278689,2439.0,4,0,0,0,0.0,0.170491828,609.75
435,0,0.073251754,51,0,0.446688128,10250.0,9,0,1,0,2.0,22.781094528,1138.888888888889
436,0,0.431904058,63,0,0.41905226,8208.0,22,1,2,0,0.0,26.40029238,373.09090909090907
437,0,0.006999563,97,0,3.0,,2,0,0,0,,291.0,
438,0,0.014310431,56,0,13.0,,2,0,0,0,0.0,728.0,
439,0,0.026944485,41,0,0.686736475,4583.0,8,0,3,0,0.0,28.156195475,572.875
440,0,0.297094601,43,1,0.603763294,3666.0,9,0,1,0,2.0,25.961821641999997,407.3333333333333
441,0,0.316064767,56,0,1348.0,,3,0,1,0,0.0,75488.0,
442,0,0.0,59,0,862.0,,2,0,1,0,0.0,50858.0,
443,0,0.922670104,40,0,0.207789429,9345.0,7,0,0,0,0.0,8.31157716,1335.0
444,0,0.051077957,74,0,0.306409131,3416.0,9,0,1,0,0.0,22.674275694,379.55555555555554
445,0,0.319190816,49,0,0.358153388,9400.0,18,0,2,0,0.0,17.549516012,522.2222222222222
446,0,0.008737352,68,0,0.209965006,6000.0,28,0,1,0,0.0,14.277620408,214.28571428571428
447,0,0.0,57,0,0.785229953,6783.0,8,0,3,0,0.0,44.758107321,847.875
448,0,0.243674266,48,0,0.179979778,8900.0,10,0,1,0,6.0,8.639029344,890.0
449,0,0.9999999,40,1,0.19170579,3833.0,3,2,0,0,2.0,7.6682315999999995,1277.6666666666667
450,0,0.0,23,0,0.0,3500.0,1,0,0,0,1.0,0.0,3500.0
451,0,0.028910707,52,0,0.013543599,5389.0,7,0,0,0,2.0,0.704267148,769.8571428571429
452,0,0.03423863,48,0,2045.0,,3,0,1,0,0.0,98160.0,
453,0,0.50329934,55,0,0.454057468,3166.0,5,0,2,0,0.0,24.97316074,633.2
454,0,0.799981673,61,3,0.671076012,5064.0,19,0,3,1,0.0,40.935636732,266.5263157894737
455,0,0.069987933,33,0,0.114004783,3762.0,7,0,0,0,0.0,3.762157839,537.4285714285714
456,0,0.067901335,69,0,0.065493451,10000.0,5,0,1,0,0.0,4.519048119,2000.0
457,0,0.740635161,39,0,0.432010059,5566.0,7,0,1,0,0.0,16.848392301,795.1428571428571
458,0,0.023382944,84,0,0.00912845,4600.0,6,0,0,0,0.0,0.7667898,766.6666666666666
459,0,0.9999999,32,2,0.095584668,2060.0,1,0,0,0,0.0,3.058709376,2060.0
460,0,0.003625197,78,0,726.0,,8,0,1,0,,56628.0,
461,0,0.092287617,61,0,0.229436075,7500.0,23,0,2,0,2.0,13.995600575,326.0869565217391
462,0,0.0,37,0,0.177007047,7236.0,5,0,1,0,3.0,6.549260739,1447.2
463,0,0.9999999,33,1,0.257707218,5416.0,2,2,1,0,1.0,8.504338194,2708.0
464,0,0.057867667,81,0,0.145685279,3939.0,13,0,0,0,0.0,11.800507599,303.0
465,0,0.07807727,60,0,0.566105156,3917.0,14,0,1,0,2.0,33.96630936,279.7857142857143
466,0,0.201943642,46,0,0.394460554,10000.0,15,0,2,0,3.0,18.145185484000002,666.6666666666666
467,0,0.077958915,57,0,0.053530226,6500.0,19,0,0,0,0.0,3.051222882,342.10526315789474
468,0,0.205676486,57,0,0.130309575,8333.0,8,0,1,0,0.0,7.427645775,1041.625
469,1,0.9999999,32,0,0.006731051,3416.0,1,0,0,0,3.0,0.215393632,3416.0
470,1,0.57985084,42,0,0.594224361,2700.0,8,0,0,0,0.0,24.957423161999998,337.5
471,0,0.073393457,38,1,0.384761524,10000.0,9,0,2,0,0.0,14.620937912,1111.111111111111
472,0,0.079178219,82,0,0.176964607,5000.0,3,0,1,0,0.0,14.511097774,1666.6666666666667
473,0,0.073123172,33,0,0.216405216,5290.0,9,0,0,0,0.0,7.141372128,587.7777777777778
474,0,0.745173448,68,0,0.168767792,4917.0,4,0,1,0,0.0,11.476209856,1229.25
475,0,0.10088331,52,1,0.280494456,5500.0,6,1,1,0,2.0,14.585711712,916.6666666666666
476,0,0.347665233,46,0,0.041583367,2500.0,1,0,0,0,1.0,1.912834882,2500.0
477,0,0.102031508,66,0,90.0,,4,0,0,0,0.0,5940.0,
478,0,0.354125994,57,0,0.558762411,4330.0,4,0,1,0,0.0,31.849457427,1082.5
479,0,0.029643294,50,0,0.399106478,9400.0,15,3,4,0,0.0,19.9553239,626.6666666666666
480,0,0.540204354,34,0,0.034395414,7500.0,3,1,0,0,0.0,1.169444076,2500.0
481,0,0.640927271,53,4,0.52409692,11266.0,17,0,2,0,3.0,27.777136759999998,662.7058823529412
482,0,0.058271403,76,0,0.374304267,4311.0,7,0,1,0,0.0,28.447124292,615.8571428571429
483,0,0.719305764,64,0,0.186225718,6228.0,5,0,1,0,0.0,11.918445952,1245.6
484,0,0.045017363,72,0,0.020763907,3900.0,8,0,0,0,0.0,1.495001304,487.5
485,0,0.35592819,48,0,0.478090767,7667.0,17,0,2,0,0.0,22.948356816,451.0
486,0,0.57762185,71,1,0.4925,6399.0,14,0,2,0,1.0,34.9675,457.07142857142856
487,0,0.015054291,59,0,929.0,,11,0,1,0,2.0,54811.0,
488,0,0.320593837,53,0,1.114622389,5600.0,14,0,1,0,1.0,59.074986617,400.0
489,0,0.047587303,34,0,997.0,,4,0,0,0,,33898.0,
490,0,0.173428408,51,1,0.086269282,5250.0,11,0,0,0,0.0,4.399733382,477.27272727272725
491,0,0.401789055,55,0,0.412779302,2550.0,11,0,0,0,0.0,22.70286161,231.8181818181818
492,0,0.301152442,46,0,0.254661625,7668.0,10,0,1,0,3.0,11.71443475,766.8
493,0,0.0,27,2,0.229139073,2264.0,5,2,0,1,0.0,6.186754971,452.8
494,0,0.067512585,43,0,0.44723563,9115.0,4,0,2,0,0.0,19.23113209,2278.75
495,0,0.0,75,0,0.205971968,1640.0,4,0,0,0,1.0,15.447897600000001,410.0
496,0,0.993335555,31,0,0.068227425,4484.0,6,0,0,0,1.0,2.115050175,747.3333333333334
497,0,0.138793584,43,0,0.384074741,11666.0,9,0,5,0,0.0,16.515213863,1296.2222222222222
498,0,0.193584801,51,0,0.532754538,3800.0,13,0,2,0,0.0,27.170481438000003,292.3076923076923
499,0,0.001124859,28,1,0.057990335,6000.0,8,1,0,0,0.0,1.6237293799999999,750.0
500,0,0.485558448,51,0,0.09963548,6583.0,5,0,0,0,0.0,5.08140948,1316.6
501,0,0.979521555,55,1,0.467850417,7433.0,11,0,2,2,0.0,25.731772935000002,675.7272727272727
502,0,0.090641506,69,0,0.016683267,4015.0,2,0,0,0,0.0,1.151145423,2007.5
503,0,0.38480769,42,0,0.533099636,7416.0,5,0,1,0,3.0,22.390184712,1483.2
504,0,0.183676155,33,0,0.660528423,2497.0,9,0,1,0,0.0,21.797437959,277.44444444444446
505,0,0.018124667,60,0,0.023181455,1250.0,4,0,0,0,1.0,1.3908873,312.5
506,1,0.9999999,54,0,0.228402866,2372.0,2,0,0,1,0.0,12.333754764,1186.0
507,0,0.290320472,48,0,0.262848568,7996.0,7,0,1,0,3.0,12.616731264,1142.2857142857142
508,0,0.052161271,49,0,0.067629397,6993.0,5,0,0,0,1.0,3.3138404529999996,1398.6
509,0,0.9999999,73,0,8500.0,0.0,2,0,0,0,0.0,620500.0,0.0
510,0,0.9999999,91,0,0.0,,3,0,0,0,,0.0,
511,0,0.412657703,66,1,0.195074372,4100.0,7,1,0,0,0.0,12.874908551999999,585.7142857142857
512,0,0.091201293,49,1,0.568886223,5000.0,15,0,2,0,0.0,27.875424927,333.3333333333333
513,0,0.500234532,46,0,0.278025952,4700.0,10,0,1,0,1.0,12.789193792,470.0
514,1,0.913140498,37,2,1.620344914,4000.0,16,0,3,0,1.0,59.952761818,250.0
515,0,0.056390008,54,0,2126.0,,8,0,1,0,0.0,114804.0,
516,0,0.611388611,22,0,0.347066167,800.0,4,0,0,0,0.0,7.635455673999999,200.0
517,0,0.065630892,31,0,0.162635688,5250.0,10,0,0,0,0.0,5.041706328,525.0
518,0,0.499666889,39,0,0.450171821,3200.0,8,0,1,0,0.0,17.556701019000002,400.0
519,0,0.9999999,56,0,7.0,,1,0,0,0,0.0,392.0,
520,0,0.289470539,44,0,0.4825614,8916.0,17,0,2,0,1.0,21.2327016,524.4705882352941
521,1,0.814154511,50,1,0.297139683,3600.0,8,0,1,1,1.0,14.856984149999999,450.0
522,0,0.016406971,55,0,0.001785714,5599.0,3,0,0,0,2.0,0.09821427,1866.3333333333333
523,0,0.078497383,52,0,0.207274054,8220.0,5,0,1,0,3.0,10.778250808000001,1644.0
524,0,0.029692431,58,2,0.287187752,6204.0,19,0,1,0,0.0,16.656889616,326.5263157894737
525,0,0.01255887,62,0,0.044762033,7416.0,5,0,0,0,0.0,2.775246046,1483.2
526,0,0.062093267,42,0,0.230261579,8333.0,6,0,1,0,4.0,9.670986318,1388.8333333333333
527,0,0.074201053,47,0,1215.0,,4,0,1,0,,57105.0,
528,0,0.551889862,42,1,0.790613718,3600.0,18,0,2,0,1.0,33.205776156,200.0
529,1,0.640058527,39,0,0.055984556,9841.0,9,0,0,0,2.0,2.183397684,1093.4444444444443
530,0,0.581815774,45,0,0.724784402,8000.0,11,0,2,0,0.0,32.61529809,727.2727272727273
531,0,0.0,82,0,0.0,,3,0,0,0,0.0,0.0,
532,0,0.0,64,0,3819.0,,3,0,2,0,,244416.0,
533,0,0.312068793,55,1,0.127071823,1266.0,5,0,0,0,0.0,6.988950265,253.2
534,0,0.266371179,58,0,0.498488489,12900.0,12,0,1,0,2.0,28.912332361999997,1075.0
535,0,0.040186458,35,0,0.300839136,5600.0,8,0,2,0,1.0,10.52936976,700.0
536,0,0.749602291,62,0,7963.0,,7,0,2,0,3.0,493706.0,
537,1,0.955545894,52,1,0.524949909,10480.0,11,0,3,0,1.0,27.297395268000002,952.7272727272727
538,0,0.086635409,40,0,887.0,0.0,8,0,1,0,1.0,35480.0,0.0
539,0,0.212768452,57,0,2301.0,,17,0,2,0,0.0,131157.0,
540,0,0.9543957,45,2,0.4842141,8836.0,10,0,1,0,1.0,21.7896345,883.6
541,0,0.188256123,27,0,0.881825173,3900.0,6,0,1,0,1.0,23.809279671,650.0
542,0,1.245847176,24,1,499.0,,4,1,0,0,,11976.0,
543,0,0.014049887,37,0,0.674399608,6120.0,9,0,1,0,0.0,24.952785496,680.0
544,0,0.329609837,36,0,0.437743191,3597.0,16,0,2,0,2.0,15.758754876,224.8125
545,0,0.484099985,40,0,0.423251505,10794.0,9,0,2,0,2.0,16.9300602,1199.3333333333333
546,0,0.0,86,0,2.0,,9,0,0,0,0.0,172.0,
547,0,0.035113768,56,0,87.0,,11,0,0,0,0.0,4872.0,
548,0,0.084826988,59,0,0.53418212,3612.0,9,0,2,0,0.0,31.51674508,401.3333333333333
549,0,0.9999999,40,0,0.60616581,7200.0,6,0,3,0,0.0,24.246632400000003,1200.0
550,0,0.152250785,49,0,0.030774358,9000.0,3,0,0,0,0.0,1.507943542,3000.0
551,0,0.2128856,66,0,0.351891786,5100.0,10,0,1,0,0.0,23.224857875999998,510.0
552,0,0.9999999,63,3,0.200843235,5217.0,5,0,1,1,4.0,12.653123805,1043.4
553,0,0.9999999,45,0,461.0,,2,0,0,0,0.0,20745.0,
554,0,0.0,30,0,0.0,4700.0,1,0,0,0,1.0,0.0,4700.0
555,0,0.576284725,36,0,0.785404865,3000.0,10,0,1,0,1.0,28.27457514,300.0
556,0,0.408215982,39,0,677.0,,4,0,0,0,2.0,26403.0,
557,0,0.0,27,0,0.0,4500.0,5,0,0,0,0.0,0.0,900.0
558,0,0.10680013,44,3,0.747375437,6000.0,8,0,3,0,2.0,32.884519228,750.0
559,0,0.004552998,34,0,3.0,,2,0,0,0,0.0,102.0,
560,0,0.277436128,59,0,0.388566694,3620.0,8,0,1,0,1.0,22.925434946,452.5
561,0,0.285342534,38,0,0.08951092,3250.0,4,0,0,0,3.0,3.40141496,812.5
562,0,0.162077194,38,0,0.024885359,70000.0,6,0,1,0,2.0,0.945643642,11666.666666666666
563,0,0.57073821,39,0,1314.0,,5,2,2,0,0.0,51246.0,
564,0,0.622524722,43,0,0.353883732,10234.0,8,0,1,0,0.0,15.217000476,1279.25
565,0,0.113165062,57,0,3169.0,,16,0,1,0,3.0,180633.0,
566,0,0.0,75,0,0.527431421,801.0,4,0,1,0,0.0,39.557356575,200.25
567,0,0.732711215,29,0,0.338531127,8400.0,10,0,1,0,0.0,9.817402683,840.0
568,0,0.486651335,55,0,0.324741695,9000.0,10,0,2,0,0.0,17.860793225,900.0
569,0,0.584844623,60,0,0.293637575,6003.0,11,0,1,0,0.0,17.6182545,545.7272727272727
570,0,0.875440658,37,0,0.437717467,1436.0,5,0,0,0,1.0,16.195546279000002,287.2
571,0,0.043861767,69,0,0.064119265,6908.0,7,0,1,0,0.0,4.424229285,986.8571428571429
572,0,0.03929607,48,0,0.480393478,7420.0,10,0,2,0,0.0,23.058886944,742.0
573,1,0.339503567,89,1,0.549380248,2500.0,9,3,0,1,0.0,48.894842071999996,277.77777777777777
574,0,0.064835195,56,2,0.197624587,8166.0,10,0,1,0,0.0,11.066976872,816.6
575,0,0.008684579,75,0,0.0013269,8289.0,5,0,0,0,0.0,0.0995175,1657.8
576,0,0.9999999,55,1,0.138721351,4144.0,1,0,0,0,0.0,7.629674305,4144.0
577,0,0.503587987,63,0,1.308922769,4000.0,16,0,1,0,0.0,82.462134447,250.0
578,0,0.000309046,49,0,562.0,,10,0,1,0,,27538.0,
579,0,0.697812691,31,0,0.236980252,12000.0,10,0,0,0,1.0,7.346387812,1200.0
580,0,0.650432993,61,0,0.368063194,10000.0,10,0,1,0,1.0,22.451854834,1000.0
581,0,0.30248201,46,0,0.348057208,7900.0,12,0,1,0,2.0,16.010631568,658.3333333333334
582,0,0.9999999,40,0,0.185755935,2400.0,1,2,0,0,0.0,7.4302374,2400.0
583,0,0.159116246,91,0,0.184123484,1813.0,6,0,0,0,0.0,16.755237044,302.1666666666667
584,0,0.768537191,46,0,2568.0,,5,0,0,0,0.0,118128.0,
585,0,0.155644438,56,0,0.336831584,2000.0,5,0,1,0,0.0,18.862568704,400.0
586,0,0.836294011,29,3,0.260170076,4350.0,8,0,1,0,1.0,7.544932203999999,543.75
587,0,0.293041811,45,0,0.373940678,3775.0,5,0,1,0,3.0,16.82733051,755.0
588,0,0.9999999,49,1,0.098937721,4800.0,1,0,0,0,4.0,4.847948329,4800.0
589,0,0.271898248,64,0,556.0,,3,0,1,0,,35584.0,
590,0,0.0,51,0,0.238076192,10000.0,6,0,1,0,0.0,12.141885792,1666.6666666666667
591,0,0.291956248,45,0,1021.0,,5,0,0,0,,45945.0,
592,0,0.106531463,78,0,0.024303074,5595.0,9,0,0,0,0.0,1.895639772,621.6666666666666
593,0,0.250818316,36,0,0.240143984,5833.0,6,0,2,0,1.0,8.645183424,972.1666666666666
594,0,0.181579946,54,0,0.3539428,6048.0,9,0,1,0,1.0,19.1129112,672.0
595,0,0.002964536,67,0,0.349026844,16800.0,14,0,5,0,0.0,23.384798548,1200.0
596,0,0.048911121,63,0,0.102800764,6283.0,4,0,0,0,1.0,6.476448132,1570.75
597,1,0.517045364,61,0,0.572590321,7500.0,20,0,2,0,0.0,34.928009581,375.0
598,0,0.024100447,86,0,0.010791367,2223.0,6,0,0,0,0.0,0.928057562,370.5
599,0,0.122976319,50,0,0.454103343,3289.0,6,0,1,0,1.0,22.70516715,548.1666666666666
600,1,0.387065977,51,0,0.350874186,5833.0,12,0,1,2,1.0,17.894583486,486.0833333333333
601,0,0.021741679,70,0,0.187762448,5000.0,11,0,1,0,0.0,13.14337136,454.54545454545456
602,0,0.269257489,44,0,0.607594937,1500.0,7,0,0,0,3.0,26.734177228,214.28571428571428
603,0,0.996301651,39,2,0.306101912,10930.0,17,0,0,0,1.0,11.937974568,642.9411764705883
604,0,0.019153961,49,0,0.201025979,33333.0,6,0,3,0,4.0,9.850272970999999,5555.5
605,0,0.008665511,58,0,1.908629442,6500.0,17,0,5,0,0.0,110.700507636,382.3529411764706
606,0,0.155742213,39,0,723.0,0.0,13,0,0,0,2.0,28197.0,0.0
607,0,0.733914381,33,0,0.158975542,4333.0,7,1,0,0,1.0,5.246192886,619.0
608,0,0.210442588,53,0,0.513602495,5770.0,10,0,2,0,1.0,27.220932235,577.0
609,0,0.095634788,36,0,0.175266904,2247.0,4,0,0,0,1.0,6.309608544,561.75
610,0,0.124801376,62,0,0.566894457,6584.0,15,0,2,0,0.0,35.147456334,438.93333333333334
611,0,0.016995185,62,0,0.002301937,5212.0,4,0,0,0,0.0,0.142720094,1303.0
612,0,0.964038058,29,1,0.263516583,2200.0,6,0,0,0,0.0,7.641980907000001,366.6666666666667
613,0,0.211206477,44,1,0.2138395,2080.0,13,1,0,1,0.0,9.408938,160.0
614,0,0.184476515,32,0,0.444956049,7166.0,11,0,2,0,0.0,14.238593568,651.4545454545455
615,0,0.0,52,0,0.444444444,3500.0,5,0,2,0,1.0,23.111111088,700.0
616,0,0.086605363,69,0,73.0,,2,0,0,0,,5037.0,
617,0,0.069069784,71,0,1468.0,,3,0,1,0,,104228.0,
618,0,0.187090597,63,0,0.506873282,4000.0,10,0,2,0,1.0,31.933016766,400.0
619,0,0.732202177,44,0,0.258576628,12912.0,26,0,0,0,0.0,11.377371632,496.61538461538464
620,0,0.392141112,54,0,1.383017398,3850.0,18,0,2,0,2.0,74.682939492,213.88888888888889
621,0,0.063688754,41,0,0.266876688,6665.0,8,0,0,0,1.0,10.941944207999999,833.125
622,0,0.616982372,32,1,0.191649336,6250.0,10,0,0,0,2.0,6.132778752,625.0
623,0,0.288541381,87,1,0.571428571,1700.0,23,0,0,0,0.0,49.714285677,73.91304347826087
624,0,0.221106801,43,0,0.157212981,7333.0,5,0,1,0,0.0,6.760158183,1466.6
625,0,0.193612774,47,0,0.020146833,5856.0,1,0,0,0,3.0,0.9469011509999999,5856.0
626,0,0.014441183,75,0,0.145703611,16059.0,8,0,1,0,0.0,10.927770825000001,2007.375
627,0,0.531963331,64,2,0.480082158,18500.0,19,0,3,0,1.0,30.725258112,973.6842105263158
628,0,0.346960384,41,0,1.432686655,1700.0,13,0,3,0,2.0,58.740152855,130.76923076923077
629,0,0.024305835,30,0,1581.0,,6,0,1,0,0.0,47430.0,
630,0,0.9999999,40,0,2866.0,0.0,2,0,2,0,0.0,114640.0,0.0
631,0,0.0,56,0,0.0,6200.0,2,0,0,0,0.0,0.0,3100.0
632,0,0.65854007,55,0,0.489714904,5541.0,6,0,1,0,0.0,26.93431972,923.5
633,0,0.104693763,36,0,0.297372704,4300.0,8,0,1,0,1.0,10.705417343999999,537.5
634,0,0.046740048,57,0,0.404799866,11916.0,13,0,3,0,0.0,23.073592362,916.6153846153846
635,0,0.057887851,56,0,0.238127698,4400.0,13,0,1,0,1.0,13.335151088,338.46153846153845
636,0,0.883182488,49,0,0.183736947,4500.0,18,0,0,0,2.0,9.003110403,250.0
637,0,0.005326455,53,0,79.0,0.0,4,0,0,0,0.0,4187.0,0.0
638,0,0.088809584,51,0,0.295480067,7123.0,12,0,1,0,0.0,15.069483417,593.5833333333334
639,0,0.021319787,64,0,0.24496788,2334.0,13,0,1,0,0.0,15.67794432,179.53846153846155
640,0,0.281880372,28,0,0.179975176,2416.0,7,0,0,0,0.0,5.039304928,345.14285714285717
641,0,0.063062463,54,0,4659.0,,5,0,2,0,0.0,251586.0,
642,0,0.0,53,0,2719.0,,5,0,1,0,0.0,144107.0,
643,1,0.402345742,37,0,0.337622356,12667.0,16,0,2,0,3.0,12.492027172,791.6875
644,0,0.143316879,70,3,4294.0,,16,0,5,1,0.0,300580.0,
645,0,0.334295645,48,0,5368.0,,13,0,2,0,0.0,257664.0,
646,0,0.010350125,52,0,0.258589038,3812.0,6,0,1,0,1.0,13.446629976,635.3333333333334
647,0,0.336596148,36,0,0.08037225,1181.0,2,0,0,0,0.0,2.8934010000000003,590.5
648,0,0.044842922,51,0,0.23358954,11318.0,5,0,1,0,2.0,11.91306654,2263.6
649,0,0.007712359,69,0,0.156614462,3000.0,6,0,0,0,0.0,10.806397878,500.0
650,0,1.011332794,52,0,10.80049875,400.0,8,0,1,0,2.0,561.6259349999999,50.0
651,0,0.066778859,67,0,84.0,,7,0,0,0,,5628.0,
652,0,0.0,36,0,0.370418677,7666.0,4,0,1,0,2.0,13.335072371999999,1916.5
653,0,0.0,49,0,0.62273579,1600.0,10,0,1,0,1.0,30.51405371,160.0
654,1,0.314685703,51,3,0.160317928,16984.0,13,0,2,1,4.0,8.176214328,1306.4615384615386
655,1,0.149314411,36,0,0.558320373,4500.0,9,0,3,0,0.0,20.099533428,500.0
656,0,0.0,33,0,0.238212526,2841.0,9,0,0,0,0.0,7.861013358,315.6666666666667
657,0,0.037849716,62,0,0.162891787,8741.0,15,0,1,0,0.0,10.099290794,582.7333333333333
658,0,0.281115558,69,0,0.162186181,4500.0,10,0,0,0,1.0,11.190846489,450.0
659,0,0.005196165,70,0,1514.0,,9,0,2,0,0.0,105980.0,
660,0,0.133688867,49,0,0.093522183,4800.0,7,0,0,0,2.0,4.582586967,685.7142857142857
661,0,0.321457844,46,2,1434.0,,6,0,1,1,0.0,65964.0,
662,0,0.0,65,0,0.416379181,6666.0,10,0,1,0,0.0,27.064646765,666.6
663,0,0.827151013,56,1,0.219974716,8700.0,8,0,0,1,1.0,12.318584095999999,1087.5
664,0,0.442798278,51,0,2092.0,,11,0,0,0,2.0,106692.0,
665,0,0.025082109,57,0,0.360879707,3000.0,15,0,0,0,0.0,20.570143298999998,200.0
666,0,0.578849363,48,0,0.367553674,6613.0,10,0,1,0,1.0,17.642576352,661.3
667,0,0.020703507,47,0,0.645104381,3400.0,6,0,1,0,2.0,30.319905907,566.6666666666666
668,1,1.248751249,33,0,0.175120326,2700.0,3,2,0,0,0.0,5.778970758,900.0
669,0,0.9999999,75,0,8.0,,2,0,0,0,0.0,600.0,
670,0,0.569824212,40,0,0.361421689,11000.0,18,0,1,0,2.0,14.45686756,611.1111111111111
671,0,0.914867126,40,0,0.517037339,4900.0,7,0,1,0,1.0,20.68149356,700.0
672,0,0.0382584,68,0,0.009831695,6000.0,12,0,0,0,0.0,0.66855526,500.0
673,0,0.964561473,35,4,0.305839582,4400.0,10,3,0,2,2.0,10.70438537,440.0
674,0,0.02731285,65,0,0.325335893,2083.0,6,0,0,0,0.0,21.146833044999997,347.1666666666667
675,0,0.035605591,81,0,0.017260735,7125.0,7,0,0,0,0.0,1.398119535,1017.8571428571429
676,0,0.004595129,52,0,0.39095856,7166.0,7,0,1,0,0.0,20.32984512,1023.7142857142857
677,0,0.042534081,69,0,0.009690817,6500.0,4,0,0,0,1.0,0.668666373,1625.0
678,0,0.12136536,34,0,3300.0,,5,0,2,0,0.0,112200.0,
679,0,0.180162143,40,0,0.448326668,9501.0,15,0,2,0,1.0,17.93306672,633.4
680,0,0.054940099,35,0,0.662152897,5833.0,10,0,2,0,2.0,23.175351395,583.3
681,0,0.099724251,80,0,0.008908281,11000.0,3,0,0,0,0.0,0.7126624800000001,3666.6666666666665
682,0,0.030513202,68,0,48.0,,6,0,0,0,0.0,3264.0,
683,0,0.175434349,47,0,0.149077983,4500.0,9,0,0,0,0.0,7.006665201,500.0
684,0,0.019883105,64,0,0.028599606,6083.0,16,0,0,0,0.0,1.830374784,380.1875
685,1,0.990764426,36,2,0.361340457,4117.0,4,0,0,0,1.0,13.008256452,1029.25
686,0,0.386084012,49,0,0.166452387,11666.0,17,0,0,0,3.0,8.156166963,686.2352941176471
687,0,0.008287427,55,0,0.115171335,7032.0,8,0,1,0,0.0,6.334423425,879.0
688,0,0.058687793,35,0,0.335733141,8333.0,6,0,2,0,2.0,11.750659935,1388.8333333333333
689,0,0.091106715,63,0,0.035418452,3500.0,5,0,0,0,0.0,2.231362476,700.0
690,0,0.023114333,64,0,0.513540291,9083.0,16,0,3,0,0.0,32.866578624,567.6875
691,0,0.083426677,64,0,0.037871034,2930.0,7,0,0,0,2.0,2.423746176,418.57142857142856
692,0,0.529411765,26,1,0.017052375,820.0,1,0,0,0,0.0,0.44336175000000005,820.0
693,0,0.192722211,77,0,0.457930642,7035.0,21,0,1,0,1.0,35.260659434,335.0
694,0,0.9999999,32,0,0.177955511,4000.0,1,2,0,0,0.0,5.694576352,4000.0
695,0,0.359412083,54,0,3.874422899,1082.0,22,0,1,0,0.0,209.21883654599998,49.18181818181818
696,0,0.106517279,40,0,0.263151915,8800.0,17,0,3,0,4.0,10.5260766,517.6470588235294
697,0,0.07953842,53,0,2958.0,,9,0,1,0,2.0,156774.0,
698,1,2066.0,58,0,0.27112148,6000.0,8,1,1,0,1.0,15.725045840000002,750.0
699,0,0.01239876,50,3,0.207518671,11916.0,4,0,1,0,0.0,10.37593355,2979.0
700,0,0.9999999,56,0,0.00711943,12500.0,2,0,0,0,2.0,0.39868808,6250.0
701,0,0.003938695,75,0,0.199949219,7876.0,11,0,2,0,0.0,14.996191425000001,716.0
702,0,0.520418652,36,1,0.232918082,2648.0,5,0,0,0,3.0,8.385050952,529.6
703,0,0.160899231,33,0,0.182363527,3333.0,13,0,0,0,0.0,6.017996391,256.38461538461536
704,0,0.252505361,52,0,0.442592901,6000.0,13,0,1,0,2.0,23.014830852,461.53846153846155
705,0,0.035670256,62,0,0.427674963,9401.0,9,0,4,0,0.0,26.515847706000002,1044.5555555555557
706,0,0.046747539,60,0,1.012368584,3233.0,13,0,2,0,0.0,60.74211504,248.69230769230768
707,0,0.009639594,52,0,0.262440354,4400.0,5,0,0,0,0.0,13.646898407999998,880.0
708,0,0.986400389,36,0,0.441868921,11000.0,8,0,2,0,0.0,15.907281156000002,1375.0
709,0,0.092392056,71,2,0.190062303,13000.0,7,0,1,0,0.0,13.494423513,1857.142857142857
710,0,0.001019592,83,0,0.00019996,5000.0,10,0,0,0,0.0,0.01659668,500.0
711,0,0.0,76,0,272.0,0.0,6,0,0,0,0.0,20672.0,0.0
712,0,0.045516721,40,0,0.090355422,11000.0,12,0,0,0,3.0,3.6142168800000003,916.6666666666666
713,0,0.245744673,46,0,0.585122242,6707.0,21,0,1,0,3.0,26.915623131999997,319.3809523809524
714,0,0.292159285,78,0,605.0,,5,0,0,0,0.0,47190.0,
715,0,0.9999999,36,0,631.0,,1,0,1,0,0.0,22716.0,
716,0,0.016142473,76,0,0.668266347,1666.0,11,0,1,0,0.0,50.788242372,151.45454545454547
717,0,0.759286581,41,1,0.408475574,1698.0,4,0,0,0,1.0,16.747498534,424.5
718,0,0.189734189,60,0,0.04587156,2833.0,2,0,0,0,0.0,2.7522936,1416.5
719,0,0.049082484,63,2,0.361938937,16441.0,12,0,1,0,1.0,22.802153031,1370.0833333333333
720,0,1.163184115,52,0,0.319174181,4213.0,7,0,0,0,0.0,16.597057412,601.8571428571429
721,0,0.238016933,58,0,0.601017347,7666.0,5,0,3,0,0.0,34.859006126,1533.2
722,0,0.410946459,56,0,0.712194056,4575.0,16,0,1,0,0.0,39.882867136,285.9375
723,0,0.476535633,33,0,0.312937413,5000.0,4,0,1,0,0.0,10.326934629,1250.0
724,0,0.37504998,64,0,0.011195522,2500.0,4,0,0,0,0.0,0.716513408,625.0
725,0,0.116188171,33,0,0.043739065,4000.0,9,0,0,0,0.0,1.443389145,444.44444444444446
726,0,0.018497695,40,0,64.0,,13,0,0,0,0.0,2560.0,
727,0,0.254548841,56,0,0.461357487,8500.0,15,0,2,0,4.0,25.836019272,566.6666666666666
728,0,0.013574112,60,0,0.711075819,17000.0,11,0,3,0,0.0,42.664549140000005,1545.4545454545455
729,0,0.9999999,27,0,0.260763359,3274.0,3,0,0,1,2.0,7.040610693,1091.3333333333333
730,0,0.029185402,41,0,0.336295473,3600.0,5,0,1,0,0.0,13.788114393,720.0
731,0,0.985092264,48,0,0.376905611,3082.0,4,0,1,0,0.0,18.091469328,770.5
732,0,0.011904653,69,0,1653.0,,20,0,2,0,0.0,114057.0,
733,0,0.0,39,0,0.735131912,6708.0,13,0,2,0,2.0,28.670144568,516.0
734,0,0.312877738,36,0,0.23072116,8000.0,28,0,0,0,0.0,8.30596176,285.7142857142857
735,0,0.714892819,34,1,0.870354941,6000.0,8,0,1,0,0.0,29.592067994,750.0
736,0,0.060867801,50,1,3074.0,,15,0,1,0,0.0,153700.0,
737,0,0.141853991,79,0,0.812870978,3200.0,8,0,2,0,0.0,64.216807262,400.0
738,0,0.073191767,54,0,0.020708083,4490.0,4,0,0,0,0.0,1.118236482,1122.5
739,0,0.473663158,36,1,0.650674663,2000.0,8,0,0,0,0.0,23.424287868,250.0
740,1,0.987668722,39,5,0.691279186,5010.0,14,0,2,0,2.0,26.959888254000003,357.85714285714283
741,0,0.061214562,35,0,0.453692681,21000.0,7,0,2,0,0.0,15.879243834999999,3000.0
742,0,0.475252475,38,1,0.428628549,2500.0,8,1,0,0,0.0,16.287884862000002,312.5
743,0,0.243842974,52,0,1321.0,,9,0,1,0,2.0,68692.0,
744,0,0.621468927,24,0,0.010079194,4166.0,3,0,0,0,0.0,0.241900656,1388.6666666666667
745,0,0.084589254,76,0,0.044093178,1201.0,8,0,0,0,0.0,3.351081528,150.125
746,0,0.880239982,41,0,1290.0,,6,0,0,0,2.0,52890.0,
747,0,0.087182563,74,0,0.080495356,1291.0,6,0,0,0,0.0,5.956656344000001,215.16666666666666
748,0,0.111715105,47,0,0.315173697,16666.0,12,0,2,0,3.0,14.813163758999998,1388.8333333333333
749,0,0.0,57,0,0.335066493,10000.0,11,0,2,0,3.0,19.098790101000002,909.0909090909091
750,0,0.0,63,0,0.052672049,2600.0,3,0,0,0,1.0,3.318339087,866.6666666666666
751,0,0.0,62,0,17.0,,4,0,0,0,0.0,1054.0,
752,0,0.659178931,39,0,0.285324697,5866.0,6,0,1,0,1.0,11.127663183000001,977.6666666666666
753,0,0.101012576,51,0,0.34037277,12500.0,21,0,2,0,1.0,17.35901127,595.2380952380952
754,0,0.471803323,60,0,0.365787835,9633.0,12,0,1,0,1.0,21.9472701,802.75
755,0,0.224822486,68,0,2284.0,,6,0,2,0,0.0,155312.0,
756,0,0.249922521,63,2,0.254313231,19416.0,18,0,2,0,1.0,16.021733552999997,1078.6666666666667
757,0,0.0,55,0,0.369192131,7166.0,7,0,3,0,1.0,20.305567205,1023.7142857142857
758,0,0.066285085,58,0,0.228999349,9213.0,7,0,1,0,0.0,13.281962241999999,1316.142857142857
759,0,0.025711593,55,0,0.540702656,3500.0,8,0,1,0,2.0,29.73864608,437.5
760,0,0.901509849,33,1,0.128132981,23100.0,8,1,1,0,0.0,4.2283883730000005,2887.5
761,1,0.02331266,58,0,0.632371083,4052.0,13,1,2,0,0.0,36.677522814,311.6923076923077
762,0,0.048540543,55,1,0.215576215,5700.0,9,0,1,0,0.0,11.856691824999999,633.3333333333334
763,0,0.077358439,44,0,0.324267573,10000.0,10,0,2,0,0.0,14.267773211999998,1000.0
764,0,0.082452074,57,0,0.89117395,3500.0,12,0,1,0,1.0,50.79691515,291.6666666666667
765,0,0.9999999,65,0,0.0,615.0,3,0,0,0,0.0,0.0,205.0
766,0,0.14060251,56,0,0.049700447,11850.0,11,0,0,0,2.0,2.7832250320000003,1077.2727272727273
767,0,0.357285429,25,0,0.001723544,2900.0,1,0,0,0,0.0,0.0430886,2900.0
768,0,0.002140517,89,1,5.0,0.0,4,0,0,0,0.0,445.0,0.0
769,1,0.0,32,0,0.44187375,3500.0,5,0,1,0,2.0,14.13996,700.0
770,0,0.072377744,48,0,0.399050079,12000.0,9,0,2,0,0.0,19.154403792,1333.3333333333333
771,0,0.228591229,38,1,0.181233062,2951.0,4,0,0,0,0.0,6.886856356,737.75
772,0,0.0,58,0,526.0,,5,0,1,0,1.0,30508.0,
773,0,0.0,59,1,0.531464095,7881.0,8,2,1,0,0.0,31.356381605000003,985.125
774,0,0.9999999,32,0,0.132716821,4000.0,1,0,0,0,1.0,4.246938272,4000.0
775,0,0.015293506,50,0,0.372513562,1105.0,13,0,0,0,0.0,18.625678100000002,85.0
776,0,0.059183801,26,0,0.067061144,1520.0,7,0,0,0,0.0,1.743589744,217.14285714285714
777,0,0.211859605,55,0,0.128716003,6323.0,8,0,0,0,1.0,7.079380165,790.375
778,0,0.014688043,82,0,13.0,,4,0,0,0,0.0,1066.0,
779,0,0.019415751,62,0,1203.0,,9,0,1,0,0.0,74586.0,
780,0,0.012236873,46,0,1189.0,,6,0,1,0,0.0,54694.0,
781,0,0.917428326,66,1,2410.0,,7,1,2,0,0.0,159060.0,
782,0,0.716283716,46,0,0.26775232,5280.0,10,0,2,0,2.0,12.31660672,528.0
783,0,0.00054943,59,0,0.0,2236.0,4,0,0,0,0.0,0.0,559.0
784,0,0.004680652,29,0,0.057388522,5000.0,4,0,0,0,0.0,1.664267138,1250.0
785,0,0.4275909,39,0,0.342354782,10862.0,14,1,2,0,0.0,13.351836498,775.8571428571429
786,0,0.982477859,36,0,0.508163945,3000.0,3,0,1,0,0.0,18.293902019999997,1000.0
787,0,0.083486086,71,0,0.170705631,5611.0,4,0,1,0,0.0,12.120099801,1402.75
788,0,0.01087466,82,0,0.001287001,7769.0,6,0,0,0,0.0,0.105534082,1294.8333333333333
789,0,0.014646523,26,0,0.121568627,1274.0,7,0,0,0,0.0,3.160784302,182.0
790,1,1.008506531,58,3,3265.0,,20,0,0,1,0.0,189370.0,
791,0,0.537596973,68,0,1591.0,,8,0,1,0,,108188.0,
792,0,0.994428754,42,0,2336.0,0.0,11,0,2,0,3.0,98112.0,0.0
793,0,0.556142972,58,0,0.177274242,3000.0,2,0,0,0,0.0,10.281906036,1500.0
794,1,1.25748503,26,0,0.129805014,1794.0,1,2,0,1,0.0,3.374930364,1794.0
795,0,0.031593681,33,0,523.0,,3,0,0,0,0.0,17259.0,
796,0,0.35407131,51,0,0.053521541,6800.0,5,0,0,0,0.0,2.729598591,1360.0
797,0,0.075627307,60,0,0.193786454,8400.0,9,0,1,0,0.0,11.62718724,933.3333333333334
798,0,0.002965614,29,0,0.515939338,3230.0,8,0,1,0,0.0,14.962240802,403.75
799,0,0.020390558,79,0,0.225861336,2350.0,5,0,0,0,0.0,17.843045544,470.0
800,0,0.04564894,27,0,0.274952015,4167.0,21,0,1,0,0.0,7.423704405,198.42857142857142
801,1,0.962946947,50,0,0.68127587,4106.0,8,0,1,1,0.0,34.0637935,513.25
802,0,0.160226787,31,0,0.356018715,2350.0,5,0,0,0,0.0,11.036580165,470.0
803,0,0.0,45,0,0.735816454,10416.0,11,0,4,0,1.0,33.11174043,946.9090909090909
804,0,0.067400749,26,0,0.166517857,4479.0,10,0,0,0,0.0,4.329464282,447.9
805,0,0.134374585,63,0,111.0,,2,0,0,0,0.0,6993.0,
806,0,0.9999999,40,0,11.0,,0,0,0,0,0.0,440.0,
807,0,0.013218661,57,0,0.085321957,7500.0,10,0,1,0,0.0,4.863351549,750.0
808,0,0.000358843,54,0,0.720069983,4000.0,11,0,0,0,0.0,38.883779082000004,363.6363636363636
809,0,0.975146408,33,0,0.332280979,3800.0,4,0,0,0,2.0,10.965272307,950.0
810,0,0.255610417,54,0,0.528550512,3414.0,9,0,1,0,1.0,28.541727648000002,379.3333333333333
811,0,0.9999999,24,0,0.0,3833.0,1,0,0,0,0.0,0.0,3833.0
812,0,0.682708972,41,4,0.38708711,13350.0,8,0,4,0,1.0,15.870571510000001,1668.75
813,0,0.101551406,47,0,228.0,,6,0,0,0,0.0,10716.0,
814,0,0.013105862,76,0,736.0,,15,0,1,0,0.0,55936.0,
815,0,0.0,87,0,2.0,,2,0,0,0,,174.0,
816,0,0.040536902,34,0,0.644091034,3646.0,11,0,1,0,0.0,21.899095156,331.45454545454544
817,0,0.0,46,0,0.107878122,3642.0,11,0,0,0,4.0,4.9623936120000005,331.09090909090907
818,0,0.013375668,82,0,0.002606106,8057.0,7,0,0,0,0.0,0.213700692,1151.0
819,0,0.9999999,48,0,0.165213329,6421.0,0,1,0,0,2.0,7.930239792,6421.0
820,0,0.19877594,83,0,0.217065334,2800.0,9,0,0,0,0.0,18.016422722,311.1111111111111
821,0,0.053596215,86,0,68.0,,6,0,0,0,1.0,5848.0,
822,0,0.178964154,56,0,0.552930754,6772.0,6,0,1,0,1.0,30.964122224,1128.6666666666667
823,0,0.0,90,0,0.0,,3,0,0,0,,0.0,
824,0,0.003550639,73,0,415.0,,11,0,0,0,0.0,30295.0,
825,0,0.715720439,33,0,1.002499107,2800.0,8,0,2,0,0.0,33.082470531,350.0
826,0,0.011343376,85,0,13.0,,5,0,0,0,,1105.0,
827,0,0.158100266,45,2,0.475322703,3950.0,19,0,1,0,1.0,21.389521635,207.89473684210526
828,0,0.626266154,56,0,0.142385321,5449.0,5,0,0,0,0.0,7.9735779760000005,1089.8
829,0,0.0,31,0,0.432783608,2000.0,9,0,1,0,0.0,13.416291848,222.22222222222223
830,0,0.48268786,30,0,0.264841895,8000.0,9,0,2,1,1.0,7.94525685,888.8888888888889
831,0,0.524915836,32,0,969.0,,6,0,0,0,0.0,31008.0,
832,0,0.335445712,40,0,0.344679838,4200.0,6,0,2,1,0.0,13.78719352,700.0
833,0,0.001876594,79,0,0.01332778,2400.0,10,0,0,0,0.0,1.05289462,240.0
834,0,0.235225157,37,0,0.335036659,4500.0,5,0,1,0,1.0,12.396356383,900.0
835,0,0.0,63,0,779.0,,6,0,1,0,0.0,49077.0,
836,0,0.0,28,0,852.0,,3,0,0,0,,23856.0,
837,0,0.001901275,69,0,0.0,5455.0,6,0,0,0,0.0,0.0,909.1666666666666
838,0,0.107720423,47,0,0.216280839,9200.0,12,0,3,0,2.0,10.165199433,766.6666666666666
839,0,0.01339933,71,0,0.01283697,2336.0,3,0,0,0,1.0,0.9114248699999999,778.6666666666666
840,0,0.064097861,56,0,1387.0,,11,0,1,0,0.0,77672.0,
841,0,0.547124146,40,0,0.121319069,9066.0,6,0,0,0,4.0,4.85276276,1511.0
842,0,0.292567833,64,0,2231.0,0.0,5,0,1,0,0.0,142784.0,0.0
843,0,0.157137145,59,0,0.264911696,3000.0,8,0,0,0,1.0,15.629790063999998,375.0
844,0,0.042202964,28,0,0.286158631,4500.0,6,0,1,0,0.0,8.012441668,750.0
845,0,0.734284381,45,0,11311.0,0.0,6,0,2,1,0.0,508995.0,0.0
846,0,0.835311508,31,1,0.332527053,7854.0,9,0,1,0,0.0,10.308338643,872.6666666666666
847,0,0.5112397,58,0,0.963084409,9453.0,13,0,3,0,1.0,55.858895722,727.1538461538462
848,1,0.0,44,0,6046.0,,9,0,3,0,0.0,266024.0,
849,0,0.037477248,37,0,0.079193665,8333.0,9,0,0,0,0.0,2.930165605,925.8888888888889
850,0,0.0,68,0,0.090386385,4347.0,5,0,0,0,0.0,6.14627418,869.4
851,1,0.71976008,47,0,64.0,,2,2,0,0,0.0,3008.0,
852,0,0.047294357,57,0,0.447142596,5476.0,14,0,1,0,0.0,25.487127972,391.14285714285717
853,0,0.328684508,51,0,1874.0,,6,0,1,0,0.0,95574.0,
854,0,0.028083912,50,0,0.380976732,3910.0,20,0,0,0,3.0,19.048836599999998,195.5
855,0,0.003888457,74,0,4.0,,3,0,0,0,0.0,296.0,
856,0,0.009654537,73,0,0.122830656,18553.0,6,0,1,0,1.0,8.966637888,3092.1666666666665
857,1,0.778719498,81,0,0.53801306,4287.0,11,0,2,0,0.0,43.579057860000006,389.72727272727275
858,0,0.0,58,0,0.411084131,7000.0,10,0,2,0,1.0,23.842879598,700.0
859,0,0.054449206,87,0,19.0,,1,0,0,0,0.0,1653.0,
860,0,0.173784093,55,0,0.196142489,15916.0,14,0,3,0,0.0,10.787836895,1136.857142857143
861,0,0.457154579,50,0,0.103425118,13400.0,7,0,0,0,2.0,5.1712559,1914.2857142857142
862,0,0.119460647,34,0,0.32224953,6916.0,5,0,1,0,0.0,10.95648402,1383.2
863,0,0.717853471,67,0,3174.0,,15,0,3,0,0.0,212658.0,
864,0,0.607205622,63,0,4627.0,,15,0,1,0,0.0,291501.0,
865,0,0.276593085,62,0,0.121835693,19000.0,8,0,1,0,0.0,7.553812966,2375.0
866,0,0.128419662,59,0,0.226433961,11000.0,10,0,1,0,0.0,13.359603698999999,1100.0
867,0,0.059356682,32,0,4121.0,,10,0,1,0,0.0,131872.0,
868,0,0.000237284,64,0,0.427787663,6743.0,10,0,1,0,0.0,27.378410432,674.3
869,0,0.738420926,72,0,2367.0,,11,0,1,0,0.0,170424.0,
870,0,0.086492476,64,0,0.074734316,5833.0,8,0,1,0,1.0,4.782996224,729.125
871,0,0.222472191,30,0,0.589815683,3200.0,4,0,1,0,0.0,17.69447049,800.0
872,0,0.035754761,79,0,0.00829363,5666.0,5,0,0,0,1.0,0.65519677,1133.2
873,0,0.003986049,81,0,0.207164676,3600.0,10,0,1,0,0.0,16.780338756,360.0
874,0,0.093741762,41,2,0.718171926,3675.0,10,0,3,0,2.0,29.445048966,367.5
875,0,0.231979494,58,0,0.373801016,10633.0,28,0,4,0,0.0,21.680458928,379.75
876,0,0.105969699,55,0,3063.0,,8,0,1,0,0.0,168465.0,
877,0,0.041411471,45,0,0.008456176,8750.0,3,0,0,0,3.0,0.38052791999999996,2916.6666666666665
878,0,0.223055966,44,0,0.430297475,12000.0,13,0,2,0,3.0,18.933088899999998,923.0769230769231
879,0,0.452864285,49,0,0.330947228,6006.0,10,0,1,0,1.0,16.216414172,600.6
880,0,0.016031741,74,0,1202.0,,4,0,1,0,,88948.0,
881,0,0.9999999,26,0,0.137820513,1871.0,1,0,0,0,0.0,3.583333338,1871.0
882,0,0.15189171,59,0,0.301074556,15075.0,13,0,2,0,0.0,17.763398804,1159.6153846153845
883,0,0.606025418,39,3,0.375647341,7916.0,10,0,2,0,2.0,14.650246299,791.6
884,0,0.075168462,48,0,1421.0,,3,0,1,0,0.0,68208.0,
885,0,0.061833522,49,0,2788.0,,6,0,2,0,0.0,136612.0,
886,0,0.010186243,47,0,0.022504141,24750.0,7,0,0,0,2.0,1.0576946269999998,3535.714285714286
887,0,0.515975688,28,0,0.679853795,4650.0,14,0,1,0,0.0,19.03590626,332.14285714285717
888,0,0.347921078,42,0,0.373740482,13000.0,11,0,2,0,2.0,15.697100244,1181.8181818181818
889,0,0.108983159,53,0,0.31035201,4800.0,10,0,1,0,0.0,16.44865653,480.0
890,0,0.165720783,68,0,0.311916978,8575.0,10,0,1,0,0.0,21.210354504,857.5
891,0,0.194625748,31,1,0.283571758,4333.0,20,0,0,0,0.0,8.790724498,216.65
892,0,0.48987523,34,0,0.319171724,2800.0,3,0,0,0,1.0,10.851838616,933.3333333333334
893,0,0.958820874,56,0,0.236573549,9700.0,12,0,1,0,1.0,13.248118744,808.3333333333334
894,0,0.799018271,30,0,1.298161471,1250.0,4,0,1,0,0.0,38.94484413,312.5
895,0,0.011505437,52,0,0.274253271,4050.0,9,0,1,0,0.0,14.261170092,450.0
896,0,0.819115784,54,0,0.528381219,2853.0,7,0,1,0,0.0,28.532585826000002,407.57142857142856
897,0,0.0,39,0,0.551779288,2500.0,7,0,2,0,0.0,21.519392231999998,357.14285714285717
898,0,0.122544324,57,0,0.42893401,4333.0,9,0,1,0,1.0,24.44923857,481.44444444444446
899,0,0.667833042,60,0,81.0,,2,0,0,0,0.0,4860.0,
900,0,0.3882572,45,0,1.112942122,4975.0,13,0,4,0,1.0,50.082395489999996,382.6923076923077
901,0,2.258964143,33,2,0.032483758,2000.0,1,1,0,0,2.0,1.071964014,2000.0
902,0,0.013767118,64,0,2004.0,,10,0,2,0,0.0,128256.0,
903,0,0.187797808,85,0,790.0,,6,0,0,0,0.0,67150.0,
904,0,0.9999999,34,1,0.0,5400.0,0,1,0,0,0.0,0.0,5400.0
905,0,0.037379559,37,0,0.333851794,9000.0,11,0,2,0,0.0,12.352516377999999,818.1818181818181
906,0,0.00339983,63,0,0.262694922,2500.0,5,0,0,0,0.0,16.549780086,500.0
907,0,0.020480494,35,0,1673.0,,10,0,1,0,1.0,58555.0,
908,0,0.106475741,32,0,0.802308265,2685.0,5,0,1,0,1.0,25.67386448,537.0
909,0,0.518186405,73,0,0.504887091,8900.0,17,0,1,0,1.0,36.856757642999995,523.5294117647059
910,0,0.003735788,39,0,0.459166466,4150.0,10,0,2,0,0.0,17.907492174,415.0
911,0,0.9999999,38,0,2628.0,,6,0,1,0,0.0,99864.0,
912,0,0.196960608,40,0,0.006959443,4166.0,1,0,0,0,0.0,0.27837772,4166.0
913,0,0.802993617,42,1,0.524458002,9178.0,9,0,1,0,3.0,22.027236084000002,1019.7777777777778
914,0,0.9999999,36,0,0.194963754,2620.0,3,0,0,0,0.0,7.018695144,873.3333333333334
915,0,0.707145775,64,0,3930.0,,13,0,2,0,0.0,251520.0,
916,0,0.288592785,51,0,0.226213976,10131.0,4,0,2,0,3.0,11.536912776000001,2532.75
917,0,0.397244161,25,0,0.294852574,2000.0,5,0,0,0,0.0,7.37131435,400.0
918,0,0.197440895,36,0,777.0,,3,0,1,0,,27972.0,
919,0,0.004884836,34,0,0.474904943,5259.0,11,0,2,0,2.0,16.146768062,478.09090909090907
920,1,1.362141746,73,1,274.0,,2,3,0,1,,20002.0,
921,0,0.17545213,55,2,0.27018019,9600.0,11,0,2,0,0.0,14.85991045,872.7272727272727
922,1,0.514353049,39,0,0.984408835,2308.0,15,0,1,0,1.0,38.391944565,153.86666666666667
923,0,0.00069993,83,0,0.0,10500.0,4,0,0,0,0.0,0.0,2625.0
924,0,0.822400231,63,0,0.515793683,2500.0,12,0,0,0,0.0,32.495002029,208.33333333333334
925,0,0.0427599,52,0,7806.0,,21,0,2,0,2.0,405912.0,
926,0,0.222506167,59,0,0.271467415,11400.0,9,0,2,0,0.0,16.016577485,1266.6666666666667
927,0,0.391045602,24,0,0.069040925,3200.0,11,0,0,0,0.0,1.6569822,290.90909090909093
928,0,0.028775625,44,0,0.137224283,5122.0,4,0,0,0,0.0,6.037868452,1280.5
929,0,0.477367751,36,0,0.339874121,2700.0,6,0,0,0,0.0,12.235468355999998,450.0
930,0,0.018538176,74,0,1184.0,,8,0,1,0,0.0,87616.0,
931,0,0.041366785,45,0,0.224577542,10000.0,8,0,0,0,2.0,10.10598939,1250.0
932,0,0.994269551,41,0,2809.0,,5,0,2,0,0.0,115169.0,
933,0,0.127159603,63,0,0.454098361,5489.0,20,0,4,0,0.0,28.608196743,274.45
934,0,0.610408703,41,1,0.064417178,2933.0,7,0,0,0,2.0,2.641104298,419.0
935,0,0.156645781,45,1,0.560214893,6700.0,8,0,2,0,2.0,25.209670185000004,837.5
936,0,0.526201662,54,4,0.343546258,25000.0,9,0,3,0,1.0,18.551497932,2777.777777777778
937,0,0.03737868,76,1,0.372787227,2880.0,8,0,1,0,0.0,28.331829252,360.0
938,0,0.163750645,65,0,0.266873313,10000.0,13,0,1,0,0.0,17.346765345,769.2307692307693
939,0,0.086382723,38,0,2615.0,,6,0,1,0,,99370.0,
940,0,0.9999999,47,0,0.370691923,3800.0,6,0,0,0,1.0,17.422520381,633.3333333333334
941,0,0.029132576,68,0,0.008222093,10337.0,10,0,1,0,1.0,0.5591023239999999,1033.7
942,0,0.153646677,34,0,1.220066377,3916.0,7,0,2,0,0.0,41.482256817999996,559.4285714285714
943,0,0.083781617,46,0,0.421201915,5640.0,16,0,1,0,2.0,19.375288089999998,352.5
944,1,0.913773615,55,2,0.881655429,4300.0,17,0,2,0,1.0,48.491048595,252.94117647058823
945,0,0.251284106,34,0,0.75145816,8400.0,18,0,4,0,0.0,25.54957744,466.6666666666667
946,0,0.072587125,29,0,0.046662778,12000.0,15,0,0,0,0.0,1.353220562,800.0
947,0,0.0,35,0,0.0,1500.0,3,0,0,0,0.0,0.0,500.0
948,0,0.133613717,43,1,0.421048246,12000.0,14,0,3,1,2.0,18.105074578,857.1428571428571
949,0,0.001905482,37,0,2.694610778,500.0,11,0,2,0,2.0,99.700598786,45.45454545454545
950,0,0.040547951,74,0,0.020736901,5400.0,5,0,0,0,0.0,1.534530674,1080.0
951,0,0.03452873,55,0,0.514162132,7166.0,7,0,2,0,1.0,28.278917260000004,1023.7142857142857
952,0,0.010441271,72,0,692.0,,7,0,0,0,0.0,49824.0,
953,0,0.0,80,1,1589.0,,8,0,1,0,0.0,127120.0,
954,0,0.001882242,50,0,1.317473011,2500.0,9,0,2,0,1.0,65.87365055,277.77777777777777
955,0,0.015644567,77,0,24.0,,5,0,0,0,,1848.0,
956,0,0.630901661,73,0,0.047400612,4577.0,3,0,0,0,0.0,3.4602446760000003,1525.6666666666667
957,0,0.0,52,0,0.257757365,8926.0,11,0,1,0,2.0,13.40338298,811.4545454545455
958,0,0.055228298,48,0,0.146276596,12407.0,5,0,1,0,0.0,7.021276608000001,2481.4
959,0,0.946508915,44,0,0.148162041,2665.0,5,0,0,0,1.0,6.519129803999999,533.0
960,0,0.0,50,0,0.0,6400.0,2,0,0,0,0.0,0.0,3200.0
961,0,0.833594158,44,0,178.0,,9,0,0,0,0.0,7832.0,
962,0,0.030327811,70,0,1934.0,,11,0,2,0,0.0,135380.0,
963,0,0.194273425,53,0,817.0,,13,0,0,0,3.0,43301.0,
964,0,0.0,70,0,0.0,3500.0,6,0,0,0,0.0,0.0,583.3333333333334
965,0,0.205655719,36,0,2082.0,,13,0,2,0,0.0,74952.0,
966,0,0.235752849,63,0,724.0,,3,0,0,0,0.0,45612.0,
967,0,0.029878794,50,0,0.318734063,13333.0,11,0,3,0,1.0,15.936703150000001,1212.090909090909
968,1,1.004421666,48,3,0.605098725,4000.0,10,0,2,0,1.0,29.044738799999998,400.0
969,0,0.154955579,62,1,2446.0,,4,1,1,0,0.0,151652.0,
970,0,0.016658432,53,0,0.315187201,9000.0,6,0,1,0,0.0,16.704921653,1500.0
971,0,0.475841386,43,0,0.198811453,1850.0,2,0,0,0,3.0,8.548892479,925.0
972,0,0.061439281,58,0,0.498692509,6500.0,19,0,4,0,1.0,28.924165522,342.10526315789474
973,0,0.527904017,67,0,486.0,,4,0,1,0,0.0,32562.0,
974,0,0.319378527,59,0,0.156959213,6300.0,22,0,0,0,0.0,9.260593566999999,286.3636363636364
975,0,0.9999999,55,0,0.167543201,5323.0,1,1,0,1,2.0,9.214876055,5323.0
976,0,0.077910174,82,0,162.0,,2,0,0,0,0.0,13284.0,
977,0,0.278636315,47,0,0.587361677,6867.0,22,0,1,0,4.0,27.605998819,312.1363636363636
978,0,0.352319991,43,0,0.246784845,8630.0,8,0,0,0,1.0,10.611748335,1078.75
979,0,0.256314605,58,3,1.511162946,3000.0,24,0,2,0,0.0,87.647450868,125.0
980,0,0.0,41,0,0.346902339,5600.0,4,0,1,0,0.0,14.222995899,1400.0
981,0,0.066113797,63,0,0.621679828,9750.0,24,0,2,0,2.0,39.165829164,406.25
982,0,0.749133564,50,2,0.432119554,4750.0,17,0,1,0,0.0,21.6059777,279.4117647058824
983,0,0.041992219,32,0,85.0,,7,0,0,0,0.0,2720.0,
984,0,0.212785199,37,1,106.2727273,21.0,6,0,2,0,4.0,3932.0909101,3.5
985,0,0.951209758,36,0,0.061445262,2310.0,2,0,0,0,2.0,2.212029432,1155.0
986,0,0.700331051,45,1,0.546448087,8966.0,11,0,2,0,1.0,24.590163915,815.0909090909091
987,0,0.0,26,0,346.0,,8,0,0,0,0.0,8996.0,
988,0,0.019327552,80,0,0.180763847,5000.0,11,0,0,0,0.0,14.46110776,454.54545454545456
989,1,0.878245498,40,0,0.18141723,3400.0,5,0,0,0,1.0,7.2566892,680.0
990,0,0.066928871,35,0,0.611050027,3637.0,5,0,1,0,2.0,21.386750945,727.4
991,0,0.110327321,52,0,0.313439924,6316.0,16,0,2,0,1.0,16.298876048,394.75
992,1,0.228742911,38,2,3558.0,,19,0,3,0,2.0,135204.0,
993,0,0.691722293,78,0,0.691183331,6430.0,6,0,2,0,0.0,53.912299817999994,1071.6666666666667
994,0,0.275946359,57,1,0.283411686,13400.0,10,0,1,0,0.0,16.154466102,1340.0
995,0,0.037454421,57,0,0.355043926,3300.0,17,0,1,0,0.0,20.237503782,194.11764705882354
996,0,0.357684244,32,1,710.0,,6,0,0,0,0.0,22720.0,
997,0,0.102950576,43,1,0.252274773,10000.0,18,0,3,0,3.0,10.847815239,555.5555555555555
998,0,0.9999999,60,1,10.17127624,3000.0,4,0,1,1,0.0,610.2765744,750.0
999,0,0.040283239,54,0,0.135553584,12400.0,11,0,1,0,0.0,7.319893536,1127.2727272727273
1000,0,0.352989385,59,1,0.43955635,13433.0,18,0,2,0,2.0,25.93382465,746.2777777777778
1001,0,0.666948696,56,0,0.185055253,5700.0,7,0,0,0,0.0,10.363094168,814.2857142857143
1002,0,0.181442474,32,0,0.067877957,8750.0,2,0,0,0,0.0,2.172094624,4375.0
1003,0,0.863213679,29,0,0.102670277,18836.0,4,0,1,0,2.0,2.9774380330000003,4709.0
1004,0,0.093632815,68,0,0.306846806,4366.0,6,0,2,0,0.0,20.865582808000003,727.6666666666666
1005,0,0.0,50,0,0.0,6250.0,4,0,0,0,0.0,0.0,1562.5
1006,0,0.479013137,36,0,0.531659631,4500.0,14,0,1,0,2.0,19.139746716,321.42857142857144
1007,0,0.257067036,37,0,0.291809152,6140.0,6,0,0,0,4.0,10.796938624000001,1023.3333333333334
1008,0,0.02403549,63,0,19.0,,2,0,0,0,0.0,1197.0,
1009,0,0.9999999,42,0,0.217236784,2250.0,1,0,0,0,2.0,9.123944928,2250.0
1010,0,0.001890458,47,3,0.268693009,6579.0,15,0,2,2,1.0,12.628571422999999,438.6
1011,0,0.399033876,32,0,0.433893685,2200.0,7,0,0,0,0.0,13.88459792,314.2857142857143
1012,0,0.9999999,31,0,0.047961631,3335.0,2,0,0,1,4.0,1.486810561,1667.5
1013,0,0.245930854,39,0,0.537720414,5500.0,11,0,1,0,1.0,20.971096146,500.0
1014,0,0.003957859,52,0,2574.0,,11,0,1,0,2.0,133848.0,
1015,0,0.408690635,46,0,1.055195584,4166.0,12,0,2,0,0.0,48.538996864,347.1666666666667
1016,0,0.897369039,57,0,2910.0,,16,0,0,0,0.0,165870.0,
1017,1,0.017558727,47,0,0.53540175,2513.0,10,1,1,0,0.0,25.16388225,251.3
1018,0,0.115428519,41,0,0.278969295,6480.0,12,1,1,1,0.0,11.437741095,540.0
1019,0,0.83983667,49,0,3308.0,,8,0,2,0,1.0,162092.0,
1020,0,0.004384128,36,0,0.637788225,4466.0,11,0,1,0,1.0,22.960376099999998,406.0
1021,0,0.383952208,35,0,0.498566762,15000.0,18,0,2,0,0.0,17.44983667,833.3333333333334
1022,0,0.039609476,50,0,1132.0,,13,0,0,0,0.0,56600.0,
1023,0,0.02464305,75,0,0.009947892,4221.0,10,0,0,0,1.0,0.7460919,422.1
1024,0,0.9999999,32,0,0.178302196,3050.0,1,0,0,1,2.0,5.705670272,3050.0
1025,0,0.284499685,66,0,1408.0,,8,0,0,0,1.0,92928.0,
1026,0,0.9999999,38,1,0.134071341,6503.0,1,0,0,0,3.0,5.094710958,6503.0
1027,0,0.224507069,58,0,1068.0,,8,0,1,0,0.0,61944.0,
1028,0,0.643133922,47,0,0.158997955,7823.0,3,0,0,0,0.0,7.472903885,2607.6666666666665
1029,0,0.149037887,44,0,0.288725647,3130.0,8,0,1,0,1.0,12.703928467999999,391.25
1030,1,0.546513871,35,0,0.93824256,8500.0,17,0,4,0,2.0,32.838489599999996,500.0
1031,0,0.546015655,39,0,0.407318536,5000.0,8,0,1,0,0.0,15.885422904,625.0
1032,0,0.14938018,54,1,0.428758481,8400.0,14,0,1,0,1.0,23.152957974000003,600.0
1033,0,0.135083219,58,0,0.065139307,10300.0,7,0,0,0,2.0,3.7780798059999996,1471.4285714285713
1034,0,0.016221174,65,0,0.194925029,2600.0,9,0,2,0,3.0,12.670126885,288.8888888888889
1035,0,0.068038735,55,0,2.496503497,1000.0,6,0,1,0,2.0,137.30769233499998,166.66666666666666
1036,0,0.038660566,71,0,0.308086489,8000.0,7,0,1,0,0.0,21.874140719,1142.857142857143
1037,0,0.258812185,35,0,3947.0,,4,0,1,0,0.0,138145.0,
1038,0,0.033458036,80,0,0.431051723,11000.0,6,0,2,0,0.0,34.48413784,1833.3333333333333
1039,0,0.9999999,27,0,0.153061224,2253.0,3,0,0,0,0.0,4.132653048,751.0
1040,0,0.391214634,39,1,0.287181335,11100.0,8,0,2,0,2.0,11.200072064999999,1387.5
1041,0,0.377915278,51,0,0.061148228,8830.0,5,0,0,0,1.0,3.118559628,1766.0
1042,0,0.098407733,47,0,0.069744476,8100.0,6,0,0,0,2.0,3.277990372,1350.0
1043,0,0.039686202,46,0,7.0,,6,0,0,0,1.0,322.0,
1044,0,0.9999999,51,1,35.0,,0,1,0,0,0.0,1785.0,
1045,1,0.829560586,34,1,0.248187953,4000.0,6,0,1,0,2.0,8.438390402,666.6666666666666
1046,0,0.631259134,39,0,0.273340433,2816.0,7,0,0,0,0.0,10.660276887,402.2857142857143
1047,0,0.034384238,84,0,51.0,,10,0,0,0,0.0,4284.0,
1048,0,0.054537616,53,0,0.266824339,4650.0,10,0,1,0,0.0,14.141689967000001,465.0
1049,0,0.50009998,34,0,0.211071821,8200.0,3,0,1,0,0.0,7.176441914,2733.3333333333335
1050,0,0.112820211,81,0,0.312868713,10000.0,6,0,1,0,0.0,25.342365753000003,1666.6666666666667
1051,0,0.012538557,63,0,0.38510101,2375.0,12,0,2,0,0.0,24.26136363,197.91666666666666
1052,0,0.996101804,43,0,2.579171742,1641.0,9,0,2,0,3.0,110.904384906,182.33333333333334
1053,1,0.232226657,59,6,6.094452774,2000.0,16,2,1,2,1.0,359.57271366599997,125.0
1054,0,0.048037041,30,0,2235.0,,5,0,1,0,0.0,67050.0,
1055,0,0.530405318,61,1,0.469418849,13782.0,22,0,2,0,0.0,28.634549789,626.4545454545455
1056,0,0.520689428,68,3,0.777370438,6000.0,9,0,3,0,0.0,52.861189784000004,666.6666666666666
1057,0,0.022135842,48,0,0.003547815,6200.0,2,0,0,0,1.0,0.17029512000000002,3100.0
1058,0,0.101790219,63,0,0.042235495,2343.0,5,0,0,0,0.0,2.660836185,468.6
1059,0,0.323481841,26,0,262.0,,3,0,0,0,0.0,6812.0,
1060,0,0.014466655,51,0,0.262962153,4570.0,28,0,2,0,0.0,13.411069802999998,163.21428571428572
1061,0,0.022420519,72,0,1004.0,,6,0,1,0,0.0,72288.0,
1062,0,0.002349883,66,0,0.39184953,5103.0,5,0,2,0,0.0,25.86206898,1020.6
1063,0,0.1925349,38,0,0.225741941,12500.0,12,0,2,0,0.0,8.578193758,1041.6666666666667
1064,0,0.251804415,66,0,0.611755298,2500.0,7,0,1,0,0.0,40.375849667999994,357.14285714285717
1065,0,0.088911089,35,0,0.000526177,3800.0,3,0,0,0,0.0,0.018416195,1266.6666666666667
1066,0,0.987743331,50,0,0.4474,9999.0,13,0,2,0,0.0,22.37,769.1538461538462
1067,0,0.9999999,68,1,0.0,,0,1,0,0,0.0,0.0,
1068,0,0.030761368,62,0,0.015661446,3000.0,5,0,1,0,0.0,0.9710096519999999,600.0
1069,0,0.218991588,54,0,0.586137954,3000.0,13,0,1,0,0.0,31.651449516,230.76923076923077
1070,0,0.9999999,38,0,0.110878973,6700.0,3,0,0,0,3.0,4.213400974,2233.3333333333335
1071,0,0.0,45,0,0.365016502,7574.0,10,0,2,0,1.0,16.425742590000002,757.4
1072,0,0.002072256,58,0,0.210742857,8749.0,12,0,2,0,0.0,12.223085706,729.0833333333334
1073,0,0.223967181,49,0,1632.0,,8,0,1,0,0.0,79968.0,
1074,0,0.220201834,34,0,0.462354974,4050.0,10,0,2,0,1.0,15.720069116,405.0
1075,0,0.788340389,43,0,0.099845092,7100.0,3,0,0,0,1.0,4.2933389559999995,2366.6666666666665
1076,0,0.034754891,73,0,1627.0,,12,0,2,0,0.0,118771.0,
1077,0,0.0,43,0,0.281729338,15450.0,10,0,2,0,5.0,12.114361534,1545.0
1078,0,0.148225606,63,0,1313.0,,11,0,2,0,0.0,82719.0,
1079,0,0.68028326,80,0,0.42985336,4568.0,6,0,1,0,0.0,34.3882688,761.3333333333334
1080,0,0.179110121,41,0,0.27491843,9500.0,10,1,1,0,2.0,11.27165563,950.0
1081,0,0.211367652,60,0,0.24045329,10500.0,19,0,2,0,0.0,14.427197399999999,552.6315789473684
1082,0,0.012987013,22,0,0.0,0.0,2,0,0,0,0.0,0.0,0.0
1083,0,0.247135843,34,0,0.090524087,5666.0,3,0,0,0,1.0,3.077818958,1888.6666666666667
1084,0,0.9999999,43,0,0.129623459,3000.0,1,0,0,0,0.0,5.573808737,3000.0
1085,1,0.00073798,41,0,0.493126718,4000.0,4,0,1,0,2.0,20.218195438000002,1000.0
1086,0,0.946978196,34,0,0.335438375,9500.0,12,0,2,0,2.0,11.40490475,791.6666666666666
1087,0,0.866344471,34,0,0.14802475,2100.0,1,0,0,0,0.0,5.0328415,2100.0
1088,0,0.0,87,0,0.067381539,6900.0,4,0,0,0,1.0,5.862193893000001,1725.0
1089,0,0.9999999,66,0,0.229471417,11142.0,6,0,1,0,0.0,15.145113522,1857.0
1090,0,0.096113878,41,0,0.224395714,8025.0,10,0,0,0,4.0,9.200224274,802.5
1091,0,0.0,37,0,0.372395469,7150.0,3,0,2,0,2.0,13.778632352999999,2383.3333333333335
1092,1,0.9999999,41,0,219.0,,1,2,0,1,,8979.0,
1093,0,0.275326535,66,1,0.38317757,5884.0,17,0,1,0,0.0,25.289719620000003,346.11764705882354
1094,0,0.595112469,33,0,0.378525482,2020.0,3,0,0,0,0.0,12.491340906000001,673.3333333333334
1095,0,0.026147183,67,0,0.329780147,1500.0,7,0,1,0,0.0,22.095269849,214.28571428571428
1096,0,0.28927034,48,0,0.691654173,2000.0,7,0,1,0,2.0,33.199400304,285.7142857142857
1097,0,0.040423812,61,0,28.0,,6,0,0,0,0.0,1708.0,
1098,0,0.223677632,67,0,0.326283407,5200.0,4,0,1,0,2.0,21.860988269000003,1300.0
1099,0,0.077246781,32,0,0.368421053,4084.0,7,0,1,0,0.0,11.789473696,583.4285714285714
1100,0,0.328303003,59,1,0.480057771,9000.0,9,0,2,0,0.0,28.323408489000002,1000.0
1101,0,0.572324438,50,0,1.052171197,3200.0,12,0,1,0,3.0,52.608559850000006,266.6666666666667
1102,0,0.966275454,37,0,0.683523654,4290.0,8,0,1,0,2.0,25.290375198,536.25
1103,0,0.075327056,62,0,0.071378477,12832.0,7,0,1,0,0.0,4.4254655739999995,1833.142857142857
1104,0,0.011073664,52,0,0.012372578,12850.0,4,0,0,0,3.0,0.643374056,3212.5
1105,0,0.369171682,82,0,0.048228914,26000.0,12,0,1,0,0.0,3.9547709479999997,2166.6666666666665
1106,0,0.960431398,63,0,0.31506036,5052.0,3,0,1,0,1.0,19.84880268,1684.0
1107,0,0.123471362,63,0,0.364188164,2635.0,6,0,1,0,1.0,22.943854331999997,439.1666666666667
1108,0,0.127493625,64,0,0.09438021,14875.0,6,0,2,0,1.0,6.04033344,2479.1666666666665
1109,0,0.087910156,54,0,0.520623969,20000.0,8,0,3,0,2.0,28.113694325999997,2500.0
1110,0,0.083766009,53,0,0.34210815,9116.0,6,0,2,0,1.0,18.13173195,1519.3333333333333
1111,0,0.0,78,0,396.0,,3,0,0,0,,30888.0,
1112,0,0.48092721,62,0,1.031724668,5200.0,14,0,3,0,1.0,63.966929416000006,371.42857142857144
1113,0,0.009917446,64,0,0.447430975,5468.0,12,0,2,0,0.0,28.6355824,455.6666666666667
1114,0,0.9999999,37,0,0.377631696,11256.0,11,0,2,0,1.0,13.972372752,1023.2727272727273
1115,0,0.078754404,30,0,2129.0,,6,0,2,0,0.0,63870.0,
1116,0,0.135042385,71,0,0.017903057,10500.0,14,0,0,0,0.0,1.271117047,750.0
1117,0,0.007999878,65,0,15.0,,13,0,0,0,0.0,975.0,
1118,0,0.099190841,57,0,0.604398743,3500.0,9,0,2,0,0.0,34.450728350999995,388.8888888888889
1119,0,0.29739805,52,0,0.579717373,6014.0,8,0,1,0,3.0,30.145303396000003,751.75
1120,0,0.307191593,39,0,0.607185223,5900.0,5,0,2,0,0.0,23.680223697,1180.0
1121,0,0.044225262,39,0,1776.0,,4,0,2,0,0.0,69264.0,
1122,0,0.125014705,66,2,0.404638145,2500.0,4,0,1,0,0.0,26.70611757,625.0
1123,0,0.004104171,55,1,1.0,0.0,5,0,0,1,0.0,55.0,0.0
1124,0,0.013713796,47,0,0.401267976,6466.0,6,0,2,0,0.0,18.859594872000002,1077.6666666666667
1125,0,0.267352626,72,0,0.426685865,4166.0,10,0,2,0,0.0,30.72138228,416.6
1126,0,0.163836164,53,1,0.092762895,2500.0,5,0,0,0,0.0,4.916433435,500.0
1127,0,0.9999999,70,0,0.0,,1,0,0,0,,0.0,
1128,0,0.820545297,45,1,3799.0,,4,0,2,0,2.0,170955.0,
1129,0,0.428382755,36,0,0.2706115,6573.0,12,0,1,0,0.0,9.742014000000001,547.75
1130,0,0.0199992,52,0,0.188452887,4000.0,6,0,1,0,1.0,9.799550124000001,666.6666666666666
1131,0,0.089146989,45,1,0.25974805,5000.0,7,0,2,0,0.0,11.68866225,714.2857142857143
1132,0,0.612030682,74,2,0.76967187,3138.0,10,1,2,0,0.0,56.95571838,313.8
1133,0,0.0,48,0,0.05692407,10838.0,4,0,0,0,1.0,2.73235536,2709.5
1134,0,0.801764544,35,1,0.430314406,2130.0,5,0,0,1,2.0,15.06100421,426.0
1135,0,0.0,46,0,0.450288902,5018.0,9,0,1,0,0.0,20.713289492,557.5555555555555
1136,0,0.010751197,76,0,0.117910841,3790.0,17,0,0,0,0.0,8.961223916,222.94117647058823
1137,0,0.901795412,47,1,0.52674524,3308.0,6,0,1,0,3.0,24.75702628,551.3333333333334
1138,0,0.0,70,0,0.252527295,4945.0,9,0,1,0,0.0,17.67691065,549.4444444444445
1139,0,0.001759965,46,0,0.214688239,5500.0,5,0,1,0,2.0,9.875658994,1100.0
1140,0,0.390088472,39,0,0.326036484,3014.0,6,0,0,0,0.0,12.715422876,502.3333333333333
1141,0,0.007353556,80,0,0.29991431,3500.0,16,0,0,0,1.0,23.993144800000003,218.75
1142,0,0.9999999,38,1,17.0,,1,0,0,0,0.0,646.0,
1143,0,0.061173533,28,0,0.08997001,3000.0,3,0,0,0,0.0,2.51916028,1000.0
1144,0,0.39142696,58,2,0.384779992,7476.0,6,0,2,0,0.0,22.317239536000002,1246.0
1145,0,0.132820925,42,0,0.914452555,3424.0,16,0,2,0,1.0,38.40700731,214.0
1146,0,0.842078961,60,0,0.150494324,2730.0,10,0,0,0,1.0,9.029659440000001,273.0
1147,1,0.954449046,55,5,773.0,,7,1,0,3,0.0,42515.0,
1148,0,0.804681521,43,0,0.533815481,10231.0,12,0,2,0,4.0,22.954065683,852.5833333333334
1149,0,0.751585703,56,0,1.478577549,2333.0,8,0,2,0,0.0,82.80034274399999,291.625
1150,0,0.28910532,55,0,0.939430965,5728.0,17,0,3,0,0.0,51.668703075,336.94117647058823
1151,0,0.003157687,32,0,1.0,,1,0,0,0,0.0,32.0,
1152,0,0.601758577,36,0,2162.0,,10,0,1,0,2.0,77832.0,
1153,0,0.684020951,50,0,0.894878706,11500.0,21,0,3,0,0.0,44.7439353,547.6190476190476
1154,1,0.81054584,57,2,1.141452126,3456.0,29,0,1,1,1.0,65.06277118199999,119.17241379310344
1155,0,0.0,45,1,0.012529992,3750.0,8,0,0,0,3.0,0.56384964,468.75
1156,0,0.0,53,0,0.460725507,3500.0,7,1,1,1,0.0,24.418451871,500.0
1157,0,0.926059916,48,1,12546.0,,8,0,4,0,0.0,602208.0,
1158,0,0.17988008,23,0,0.003127443,2557.0,2,0,0,0,0.0,0.071931189,1278.5
1159,0,0.226957563,80,0,0.4375,4079.0,11,0,1,0,1.0,35.0,370.8181818181818
1160,0,0.941447055,54,0,1.843949701,4850.0,15,0,4,0,1.0,99.57328385400001,323.3333333333333
1161,0,0.023237542,58,0,0.812428571,6999.0,19,0,3,0,1.0,47.120857117999996,368.36842105263156
1162,0,0.01718597,48,0,0.348886815,7500.0,8,0,3,0,2.0,16.74656712,937.5
1163,0,0.506995336,29,0,0.5029988,2500.0,6,0,1,1,0.0,14.5869652,416.6666666666667
1164,0,0.120355791,59,0,0.151986183,11000.0,10,0,2,0,0.0,8.967184797,1100.0
1165,0,0.247597087,56,0,0.702749471,5200.0,8,0,1,0,2.0,39.353970376,650.0
1166,0,0.321934593,44,0,1383.0,,7,0,2,0,1.0,60852.0,
1167,0,0.823059361,71,1,2061.0,,6,1,0,1,0.0,146331.0,
1168,1,0.902797114,45,3,2788.0,,8,2,1,2,0.0,125460.0,
1169,0,0.099482078,44,0,0.431368631,5004.0,7,0,1,0,3.0,18.980219764,714.8571428571429
1170,0,0.418397882,58,0,0.414148447,7180.0,14,0,2,0,0.0,24.020609926,512.8571428571429
1171,0,0.537344212,57,0,0.627822789,5800.0,19,0,1,0,0.0,35.785898973,305.2631578947368
1172,0,0.002776037,55,0,0.37584925,7800.0,11,0,2,0,1.0,20.67170875,709.0909090909091
1173,0,0.9999999,82,0,0.0,1400.0,0,0,0,0,0.0,0.0,1400.0
1174,1,0.9999999,71,1,0.313816494,2800.0,2,0,1,1,0.0,22.280971074,1400.0
1175,0,0.317047101,65,0,0.173402868,2300.0,14,0,0,0,0.0,11.27118642,164.28571428571428
1176,0,0.100578252,69,0,2209.0,,11,0,2,0,2.0,152421.0,
1177,0,0.109278443,54,0,1370.0,,5,0,1,0,0.0,73980.0,
1178,0,0.012951764,68,0,1968.0,,5,0,1,0,0.0,133824.0,
1179,0,0.186223251,58,1,0.251769464,8900.0,11,0,1,0,3.0,14.602628912,809.0909090909091
1180,0,0.219540157,31,0,220.0,,4,0,0,0,0.0,6820.0,
1181,0,0.386875937,48,0,0.119083018,20850.0,19,0,0,0,2.0,5.715984864,1097.3684210526317
1182,0,0.809765043,64,0,0.476433476,10777.0,11,0,1,0,0.0,30.491742464,979.7272727272727
1183,0,0.126458612,60,0,263.0,,7,0,0,0,0.0,15780.0,
1184,0,0.281812558,79,1,0.304637654,10500.0,16,0,2,0,1.0,24.066374665999998,656.25
1185,0,0.058309113,70,0,0.723310676,2500.0,12,0,2,0,0.0,50.63174732,208.33333333333334
1186,0,0.075662361,63,0,0.315812527,6848.0,7,0,2,0,0.0,19.896189201000002,978.2857142857143
1187,1,0.087649402,27,0,0.009995457,2200.0,2,0,0,1,1.0,0.269877339,1100.0
1188,0,0.544761241,58,0,0.592103062,5976.0,13,0,2,0,1.0,34.341977596,459.6923076923077
1189,0,0.099272518,58,0,0.034020012,8494.0,3,0,0,0,3.0,1.973160696,2831.3333333333335
1190,0,0.201132761,65,0,0.248417722,7583.0,9,0,2,0,0.0,16.14715193,842.5555555555555
1191,0,0.0,48,0,0.31834083,2000.0,5,0,0,0,1.0,15.280359840000001,400.0
1192,0,0.0,43,0,0.0,,2,0,0,0,0.0,0.0,
1193,0,0.963614554,46,0,0.224283305,3557.0,5,1,1,0,3.0,10.31703203,711.4
1194,0,0.027130865,43,0,0.256738293,8050.0,6,0,1,0,1.0,11.039746599,1341.6666666666667
1195,0,0.081312065,65,1,315.0,,6,0,0,0,,20475.0,
1196,0,0.19129696,70,0,0.213109877,10083.0,15,0,1,0,0.0,14.91769139,672.2
1197,0,0.1031864,75,0,0.136302675,14166.0,5,0,2,0,0.0,10.222700625000002,2833.2
1198,0,0.9999999,50,0,0.914857386,2348.0,5,0,1,0,0.0,45.7428693,469.6
1199,0,0.030586236,36,1,0.310935893,2916.0,5,0,0,0,2.0,11.193692148,583.2
1200,0,0.041084962,64,0,0.264227981,12000.0,8,0,1,0,0.0,16.910590784,1500.0
1201,1,0.0,36,0,0.157678245,4375.0,7,0,0,0,2.0,5.67641682,625.0
1202,0,0.0,48,0,4212.0,,6,0,3,0,0.0,202176.0,
1203,0,0.375897212,62,0,0.29563096,9017.0,21,0,1,0,0.0,18.32911952,429.3809523809524
1204,0,0.9999999,68,0,0.196745562,1351.0,3,0,0,0,0.0,13.378698216,450.3333333333333
1205,0,0.9999999,59,0,0.020359935,5500.0,1,0,0,0,1.0,1.2012361649999999,5500.0
1206,0,0.096009775,53,0,0.545157068,4583.0,8,0,1,0,1.0,28.893324604,572.875
1207,0,0.0,37,1,1898.0,,3,0,1,0,0.0,70226.0,
1208,0,0.028200734,56,0,0.084599116,5200.0,10,0,1,0,0.0,4.737550496,520.0
1209,0,0.076703026,41,0,0.388436652,4790.0,14,0,2,0,0.0,15.925902731999999,342.14285714285717
1210,0,0.227820379,77,0,0.554915922,6600.0,24,0,2,0,0.0,42.728525993999995,275.0
1211,0,0.0,53,0,0.0,3000.0,2,0,0,0,1.0,0.0,1500.0
1212,0,0.019391297,68,0,0.064577141,3700.0,9,0,0,0,1.0,4.391245588,411.1111111111111
1213,0,0.149113358,68,0,0.699205217,4906.0,8,0,2,0,0.0,47.545954756,613.25
1214,0,0.726759759,55,0,0.65170345,9333.0,9,0,3,0,2.0,35.843689749999996,1037.0
1215,0,0.099815157,57,0,0.232339826,4260.0,8,0,1,0,1.0,13.243370082,532.5
1216,0,0.00077776,74,0,0.209539523,13333.0,6,0,3,0,0.0,15.505924702,2222.1666666666665
1217,0,0.51835032,73,0,0.685146095,9000.0,13,0,2,0,0.0,50.015664935000004,692.3076923076923
1218,0,0.083984419,49,0,2461.0,,5,0,2,0,3.0,120589.0,
1219,0,0.047286367,69,0,0.012931609,7500.0,5,0,0,0,0.0,0.8922810210000001,1500.0
1220,0,0.142122933,54,0,2859.0,,18,0,3,0,1.0,154386.0,
1221,0,0.058416154,29,0,0.299711296,5541.0,10,0,0,0,0.0,8.691627584,554.1
1222,0,0.006556256,88,0,6.0,,7,0,0,0,,528.0,
1223,0,0.062081558,28,0,0.012387188,5650.0,6,0,0,0,0.0,0.34684126400000004,941.6666666666666
1224,0,0.9999999,27,0,0.014697237,1700.0,0,0,0,0,1.0,0.396825399,1700.0
1225,0,0.0,43,0,0.437351223,4620.0,7,0,1,0,0.0,18.806102589,660.0
1226,0,0.065421016,56,1,0.238432226,1836.0,9,0,0,0,0.0,13.352204656,204.0
1227,0,0.901408451,27,0,0.15104398,2250.0,5,0,0,0,0.0,4.07818746,450.0
1228,0,0.072018143,50,0,1.434782609,2000.0,12,0,1,0,1.0,71.73913045,166.66666666666666
1229,0,0.392192869,43,0,0.150205533,9000.0,8,0,0,0,2.0,6.4588379190000005,1125.0
1230,0,0.507497501,68,0,0.012468828,3608.0,3,0,0,0,0.0,0.8478803039999999,1202.6666666666667
1231,0,0.0,37,0,1.687366167,1400.0,8,0,2,0,0.0,62.432548179,175.0
1232,1,0.9999999,60,1,0.540617473,4566.0,2,0,1,1,0.0,32.43704838,2283.0
1233,0,0.016118843,38,0,0.1247501,2500.0,12,0,0,0,1.0,4.7405038,208.33333333333334
1234,0,0.593788744,63,0,3400.0,,13,0,2,0,1.0,214200.0,
1235,0,0.9999999,64,0,423.0,,2,0,0,0,0.0,27072.0,
1236,0,0.361682297,41,0,0.19675058,5600.0,9,0,0,0,2.0,8.06677378,622.2222222222222
1237,0,0.811623025,33,1,0.439755691,1800.0,8,0,0,0,4.0,14.511937803,225.0
1238,0,0.213456163,64,0,0.735554618,2370.0,9,0,2,0,0.0,47.075495552,263.3333333333333
1239,0,0.002124734,73,0,3256.0,,9,0,1,0,,237688.0,
1240,0,0.040253329,54,0,0.401668012,7433.0,12,0,1,0,2.0,21.690072648,619.4166666666666
1241,0,0.443626281,53,0,0.253686578,4000.0,6,0,0,0,1.0,13.445388634,666.6666666666666
1242,0,0.002012856,59,0,1164.0,,2,0,1,0,0.0,68676.0,
1243,0,0.05575925,62,0,0.014802119,6417.0,6,0,0,0,0.0,0.917731378,1069.5
1244,0,0.007749806,60,0,0.220213749,7578.0,8,0,1,0,0.0,13.212824939999999,947.25
1245,0,0.696495633,46,0,0.276620563,6000.0,10,0,0,0,1.0,12.724545897999999,600.0
1246,0,0.58069462,39,1,0.785196922,4417.0,8,0,2,0,0.0,30.622679958,552.125
1247,0,0.120179936,52,1,0.427216786,9912.0,10,0,3,0,1.0,22.215272872,991.2
1248,0,0.022516958,67,0,1031.0,,5,0,1,0,0.0,69077.0,
1249,0,0.017594819,52,0,0.306472244,3908.0,7,0,1,0,1.0,15.936556688,558.2857142857143
1250,0,0.9999999,65,1,0.061422414,5567.0,1,0,0,0,0.0,3.99245691,5567.0
1251,0,0.0,84,0,0.0,,1,0,0,0,0.0,0.0,
1252,0,0.465521089,47,0,4085.0,,8,0,1,0,0.0,191995.0,
1253,0,0.874912509,46,0,0.302199741,8500.0,4,0,1,0,0.0,13.901188086000001,2125.0
1254,0,0.037273952,63,0,0.953488372,1805.0,8,0,1,0,0.0,60.069767436,225.625
1255,0,0.141762552,78,0,0.028257457,5732.0,5,0,0,0,0.0,2.204081646,1146.4
1256,0,0.017926392,62,0,0.005187456,4240.0,6,0,0,0,0.0,0.321622272,706.6666666666666
1257,0,0.082238982,30,0,2065.0,,7,0,2,0,,61950.0,
1258,0,0.07372713,53,0,0.139694329,7000.0,16,0,0,0,0.0,7.403799437,437.5
1259,0,0.006145513,74,0,3.0,,2,0,0,0,,222.0,
1260,0,0.06781117,71,0,0.332303218,5500.0,19,0,2,0,1.0,23.593528478,289.4736842105263
1261,1,0.887080965,45,0,0.482275525,4710.0,4,0,1,1,2.0,21.702398625,1177.5
1262,0,0.293687348,31,0,1268.0,,13,0,0,0,0.0,39308.0,
1263,0,0.030153714,58,0,0.003999,4000.0,6,0,0,0,0.0,0.231942,666.6666666666666
1264,0,0.414618818,70,0,4681.0,,21,0,2,0,0.0,327670.0,
1265,0,0.853239735,62,0,0.48771563,1912.0,4,0,0,0,0.0,30.23836906,478.0
1266,0,0.004195682,45,1,0.478190226,8000.0,12,0,2,0,1.0,21.51856017,666.6666666666666
1267,1,0.767840152,74,3,0.2964495,2900.0,4,1,0,1,0.0,21.937262999999998,725.0
1268,1,0.041191762,31,0,0.261369315,2000.0,3,0,0,0,0.0,8.102448765,666.6666666666666
1269,0,0.015200908,63,0,0.007998609,5750.0,3,0,0,0,0.0,0.503912367,1916.6666666666667
1270,0,0.006732763,76,0,613.0,,7,0,1,0,,46588.0,
1271,0,0.839792644,54,0,0.68240621,3091.0,9,0,1,0,1.0,36.84993534,343.44444444444446
1272,0,0.11327535,54,0,695.0,,5,0,1,0,1.0,37530.0,
1273,0,0.021418674,57,0,0.281414439,4750.0,13,0,1,0,1.0,16.040623023000002,365.38461538461536
1274,0,0.924271715,45,4,0.441760601,3725.0,7,2,0,0,2.0,19.879227045,532.1428571428571
1275,0,0.028458411,54,0,0.21915701,9750.0,22,0,1,0,0.0,11.834478540000001,443.1818181818182
1276,0,0.845719252,50,0,0.323338331,2000.0,6,0,0,0,1.0,16.16691655,333.3333333333333
1277,0,0.9999999,29,0,0.080187299,6833.0,3,0,0,0,0.0,2.325431671,2277.6666666666665
1278,1,0.965034965,35,0,0.062791628,7500.0,2,0,1,1,2.0,2.19770698,3750.0
1279,0,0.124366408,53,0,2196.0,,11,0,3,0,4.0,116388.0,
1280,0,0.033203829,71,0,0.318874019,6500.0,11,0,1,0,0.0,22.640055349,590.9090909090909
1281,0,0.036422035,30,0,1756.0,1.0,10,0,2,0,0.0,52680.0,0.1
1282,0,0.9999999,82,0,278.0,,0,0,0,0,,22796.0,
1283,0,0.760016551,48,2,0.917543584,6366.0,10,0,1,0,1.0,44.042092032,636.6
1284,0,0.9999999,41,0,0.007664112,3000.0,0,0,0,0,0.0,0.314228592,3000.0
1285,0,0.147775796,33,0,430.0,,8,0,0,0,0.0,14190.0,
1286,1,1.0085156,59,1,2.219737309,5633.0,23,0,4,0,0.0,130.964501231,244.91304347826087
1287,0,0.0,68,0,0.634674923,1614.0,9,0,1,0,1.0,43.157894764,179.33333333333334
1288,0,0.119775556,31,0,0.041959578,4551.0,3,1,0,0,0.0,1.300746918,1517.0
1289,0,0.251354973,39,1,0.385015331,7500.0,7,0,1,0,1.0,15.015597909,1071.4285714285713
1290,0,0.078912031,50,1,0.596621408,6333.0,7,0,1,0,0.0,29.831070399999998,904.7142857142857
1291,0,0.065464485,80,0,0.006854172,8461.0,1,0,0,0,0.0,0.54833376,8461.0
1292,0,0.018856544,35,1,0.234095738,8000.0,11,0,0,0,0.0,8.19335083,727.2727272727273
1293,0,0.551440662,44,0,0.418147936,6975.0,14,0,2,0,1.0,18.398509183999998,498.2142857142857
1294,0,0.153327953,61,0,3851.0,,6,0,2,0,1.0,234911.0,
1295,0,0.020212314,55,0,0.302395774,5300.0,13,0,1,0,0.0,16.63176757,407.6923076923077
1296,0,0.239551535,51,0,0.357444651,5916.0,10,0,1,0,1.0,18.229677201,591.6
1297,1,0.9999999,34,0,0.254256527,6166.0,5,1,1,1,2.0,8.644721918,1233.2
1298,0,0.024688074,45,0,0.199100928,6895.0,12,0,1,0,0.0,8.95954176,574.5833333333334
1299,0,0.796278584,44,0,2518.0,,6,5,1,2,4.0,110792.0,
1300,1,0.9999999,30,0,0.015108425,5625.0,2,0,0,0,1.0,0.45325275,2812.5
1301,0,0.623875225,41,0,0.037185126,2500.0,2,0,0,0,1.0,1.5245901659999999,1250.0
1302,0,0.176443529,67,0,0.182522829,9417.0,15,0,2,0,0.0,12.229029543,627.8
1303,0,0.0,42,0,0.483205749,6400.0,3,0,1,0,4.0,20.294641458,2133.3333333333335
1304,0,0.06769731,75,0,0.082053743,2083.0,11,0,0,0,0.0,6.154030725,189.36363636363637
1305,0,0.330939503,41,3,0.316851482,5500.0,6,0,1,0,2.0,12.990910762,916.6666666666666
1306,0,0.070324183,39,0,0.351426383,10445.0,12,0,1,0,4.0,13.705628937,870.4166666666666
1307,0,0.012739234,70,0,0.008663779,3000.0,6,0,0,0,0.0,0.60646453,500.0
1308,0,0.007868766,63,0,1448.0,,6,0,1,0,0.0,91224.0,
1309,0,0.019477727,41,0,0.365306454,6150.0,12,0,2,0,0.0,14.977564614,512.5
1310,0,0.447465042,59,0,0.496729238,7031.0,10,0,2,0,2.0,29.307025042,703.1
1311,0,0.987501953,52,0,3844.0,,12,0,2,0,0.0,199888.0,
1312,1,0.983078225,42,0,0.884470118,4500.0,17,0,2,0,2.0,37.147744956,264.70588235294116
1313,0,0.0,57,0,0.0,,12,0,0,0,0.0,0.0,
1314,1,0.972150876,59,0,1.473797947,1850.0,12,0,2,0,0.0,86.954078873,154.16666666666666
1315,0,0.714456939,49,2,1.60215311,4179.0,15,0,3,0,3.0,78.50550239,278.6
1316,0,0.021614553,67,0,2290.0,,8,0,1,0,1.0,153430.0,
1317,0,0.073037127,49,0,0.249922094,6417.0,8,0,2,0,0.0,12.246182606000001,802.125
1318,0,0.575314156,59,0,0.653881071,4405.0,6,0,1,0,0.0,38.578983189,734.1666666666666
1319,0,0.086460416,27,0,1.055530875,2250.0,7,0,2,0,0.0,28.499333625000002,321.42857142857144
1320,0,0.254093195,57,0,0.457734957,5500.0,12,0,2,0,0.0,26.090892549,458.3333333333333
1321,0,0.0,67,0,0.031403337,2037.0,4,0,0,0,1.0,2.104023579,509.25
1322,0,0.433365292,32,1,0.619267168,4120.0,5,0,1,0,1.0,19.816549376,824.0
1323,0,0.122020904,59,0,153.0,,9,0,0,0,0.0,9027.0,
1324,0,0.288425263,77,0,0.533965245,2531.0,8,0,1,0,0.0,41.115323865,316.375
1325,0,0.195256512,48,0,0.484398217,5383.0,20,0,3,0,0.0,23.251114416,269.15
1326,0,0.846574881,45,0,0.158640227,6000.0,5,0,0,0,2.0,7.1388102149999995,1200.0
1327,0,0.123564228,45,0,0.202103511,13215.0,5,0,1,0,2.0,9.094657995,2643.0
1328,0,0.007161678,82,0,3.0,,7,0,0,0,0.0,246.0,
1329,0,0.011753293,63,0,0.104972376,3800.0,3,0,1,0,0.0,6.613259688,1266.6666666666667
1330,0,0.0,59,0,1486.0,,4,0,1,0,2.0,87674.0,
1331,0,0.170685802,50,0,69.0,,5,0,0,0,3.0,3450.0,
1332,0,0.078534132,49,0,0.380691598,6390.0,7,0,1,0,0.0,18.653888302000002,912.8571428571429
1333,0,0.160060865,41,1,0.370769853,7416.0,8,1,1,0,1.0,15.201563972999999,927.0
1334,0,0.16351208,50,0,0.507061617,8000.0,14,0,4,0,3.0,25.353080849999998,571.4285714285714
1335,0,0.032008214,73,0,0.226599205,8300.0,11,0,2,0,0.0,16.541741965,754.5454545454545
1336,0,0.994133464,53,1,0.53749837,7666.0,10,0,1,0,0.0,28.48741361,766.6
1337,0,0.322649069,38,0,0.267259537,4272.0,5,0,2,0,0.0,10.155862405999999,854.4
1338,0,0.002983261,80,0,0.00012837,7789.0,2,0,0,0,0.0,0.0102696,3894.5
1339,1,0.617025827,26,0,0.160912815,3417.0,5,0,0,0,0.0,4.18373319,683.4
1340,1,0.409985282,69,1,0.279980823,14600.0,15,0,2,0,0.0,19.318676786999998,973.3333333333334
1341,0,0.002427884,77,0,0.238471257,3165.0,13,0,1,0,0.0,18.362286789,243.46153846153845
1342,0,0.173948934,68,0,3015.0,,7,0,2,0,0.0,205020.0,
1343,0,0.04719764,74,0,0.37567161,9305.0,8,0,5,0,8.0,27.799699139999998,1163.125
1344,0,0.202774562,59,0,6994.0,,23,0,3,0,2.0,412646.0,
1345,0,0.087406258,32,0,0.288977727,1750.0,8,0,0,0,2.0,9.247287264,218.75
1346,0,0.0,39,0,0.055915527,4166.0,5,0,0,0,0.0,2.180705553,833.2
1347,0,0.04569372,49,0,0.300174956,4000.0,14,0,1,0,1.0,14.708572843999999,285.7142857142857
1348,0,0.022780051,53,0,0.323067693,10000.0,14,0,2,0,1.0,17.122587729,714.2857142857143
1349,0,0.036934189,56,0,0.287934952,8362.0,8,0,1,0,2.0,16.124357312,1045.25
1350,0,0.0,62,0,1463.0,,5,0,1,0,0.0,90706.0,
